-- MySQL Script generated by MySQL Workbench
-- vie 06 ene 2023 13:12:02
-- Model: modelo UCH    Version: 1.0
-- MySQL Workbench Forward Engineering

SET @OLD_UNIQUE_CHECKS=@@UNIQUE_CHECKS, UNIQUE_CHECKS=0;
SET @OLD_FOREIGN_KEY_CHECKS=@@FOREIGN_KEY_CHECKS, FOREIGN_KEY_CHECKS=0;
SET @OLD_SQL_MODE=@@SQL_MODE, SQL_MODE='ONLY_FULL_GROUP_BY,STRICT_TRANS_TABLES,NO_ZERO_IN_DATE,NO_ZERO_DATE,ERROR_FOR_DIVISION_BY_ZERO,NO_ENGINE_SUBSTITUTION';

-- -----------------------------------------------------
-- Schema dbSchemaCEU
-- -----------------------------------------------------

-- -----------------------------------------------------
-- Schema dbSchemaCEU
-- -----------------------------------------------------
CREATE SCHEMA IF NOT EXISTS `dbSchemaCEU` ;
USE `dbSchemaCEU` ;

-- -----------------------------------------------------
-- Table `facultades`
-- -----------------------------------------------------
CREATE TABLE IF NOT EXISTS `facultades` (
  `id` INT(11) NOT NULL AUTO_INCREMENT,
  `nombre` VARCHAR(80) NOT NULL,
  `created_on` DATETIME(6) NULL DEFAULT NULL,
  `updated_on` DATETIME(6) NULL DEFAULT NULL,
  `is_deleted` TINYINT(1) NULL DEFAULT 0,
  PRIMARY KEY (`id`))
ENGINE = InnoDB;


-- -----------------------------------------------------
-- Table `areas`
-- -----------------------------------------------------
CREATE TABLE IF NOT EXISTS `areas` (
  `id` INT(11) NOT NULL AUTO_INCREMENT,
  `facultad_id` INT(11) NULL DEFAULT NULL,
  `nombre` VARCHAR(50) NOT NULL,
  `icono` VARCHAR(25) NULL DEFAULT NULL,
  `parent_id` INT(11) NULL DEFAULT NULL,
  `created_on` DATETIME(6) NULL DEFAULT NULL,
  `updated_on` DATETIME(6) NULL DEFAULT NULL,
  `is_deleted` TINYINT(1) NULL DEFAULT 0,
  PRIMARY KEY (`id`),
  INDEX `fk_areas_facultades1_idx` (`facultad_id` ASC) VISIBLE,
  CONSTRAINT `fk_areas_facultades1`
    FOREIGN KEY (`facultad_id`)
    REFERENCES `facultades` (`id`)
    ON DELETE NO ACTION
    ON UPDATE NO ACTION)
ENGINE = InnoDB;


-- -----------------------------------------------------
-- Table `tipos_titulaciones`
-- -----------------------------------------------------
CREATE TABLE IF NOT EXISTS `tipos_titulaciones` (
  `id` INT(11) NOT NULL AUTO_INCREMENT,
  `nombre` VARCHAR(50) NOT NULL,
  `created_on` DATETIME(6) NULL DEFAULT NULL,
  `updated_on` DATETIME(6) NULL DEFAULT NULL,
  `is_deleted` TINYINT(1) NULL DEFAULT 0,
  PRIMARY KEY (`id`))
ENGINE = InnoDB;


-- -----------------------------------------------------
-- Table `titulaciones`
-- -----------------------------------------------------
CREATE TABLE IF NOT EXISTS `titulaciones` (
  `id` INT(11) NOT NULL AUTO_INCREMENT,
  `tipo_titulacion_id` INT(11) NOT NULL,
  `nombre` VARCHAR(160) NOT NULL,
  `duracion` INT(11) NULL DEFAULT NULL,
  `duracion_tipo` VARCHAR(1) NULL DEFAULT NULL,
  `creditos` SMALLINT(6) NULL DEFAULT NULL,
  `modalidad` VARCHAR(1) NULL DEFAULT NULL,
  `slug` VARCHAR(150) NULL,
  `citrix` VARCHAR(5) NULL DEFAULT NULL,
  `sigma` BIGINT(20) NULL DEFAULT NULL,
  `created_on` DATETIME(6) NULL DEFAULT NULL,
  `updated_on` DATETIME(6) NULL DEFAULT NULL,
  `is_deleted` TINYINT(1) NULL DEFAULT 0,
  PRIMARY KEY (`id`),
  INDEX `fk_titulaciones_tipos_titulaciones1_idx` (`tipo_titulacion_id` ASC) VISIBLE,
  UNIQUE INDEX `slug_UNIQUE` (`slug` ASC) VISIBLE,
  CONSTRAINT `fk_titulaciones_tipos_titulaciones1`
    FOREIGN KEY (`tipo_titulacion_id`)
    REFERENCES `tipos_titulaciones` (`id`)
    ON DELETE NO ACTION
    ON UPDATE NO ACTION)
ENGINE = InnoDB;


-- -----------------------------------------------------
-- Table `areas_titulaciones`
-- -----------------------------------------------------
CREATE TABLE IF NOT EXISTS `areas_titulaciones` (
  `id` INT(11) NOT NULL AUTO_INCREMENT,
  `area_id` INT(11) NOT NULL,
  `titulacion_id` INT(11) NOT NULL,
  `created_on` DATETIME(6) NULL DEFAULT NULL,
  `updated_on` DATETIME(6) NULL DEFAULT NULL,
  `is_deleted` TINYINT(1) NULL DEFAULT 0,
  PRIMARY KEY (`id`),
  INDEX `fk_areas_titulaciones_titulaciones1_idx` (`titulacion_id` ASC) VISIBLE,
  INDEX `fk_areas_titulaciones_areas1_idx` (`area_id` ASC) VISIBLE,
  CONSTRAINT `fk_areas_titulaciones_titulaciones1`
    FOREIGN KEY (`titulacion_id`)
    REFERENCES `titulaciones` (`id`)
    ON DELETE NO ACTION
    ON UPDATE NO ACTION,
  CONSTRAINT `fk_areas_titulaciones_areas1`
    FOREIGN KEY (`area_id`)
    REFERENCES `areas` (`id`)
    ON DELETE NO ACTION
    ON UPDATE NO ACTION)
ENGINE = InnoDB;


-- -----------------------------------------------------
-- Table `asignaturas`
-- -----------------------------------------------------
CREATE TABLE IF NOT EXISTS `asignaturas` (
  `id` INT(11) NOT NULL AUTO_INCREMENT,
  `nombre` VARCHAR(160) NOT NULL,
  `creditos` DECIMAL(5,1) NULL DEFAULT NULL,
  `citrix` VARCHAR(5) NULL DEFAULT NULL,
  `sigma` BIGINT(20) NULL DEFAULT NULL,
  `parent_id` INT(11) NULL DEFAULT NULL,
  `created_on` DATETIME(6) NULL DEFAULT NULL,
  `updated_on` DATETIME(6) NULL DEFAULT NULL,
  `is_deleted` TINYINT(1) NULL DEFAULT 0,
  PRIMARY KEY (`id`))
ENGINE = InnoDB;


-- -----------------------------------------------------
-- Table `asignatura_idiomas`
-- -----------------------------------------------------
CREATE TABLE IF NOT EXISTS `asignatura_idiomas` (
  `id` INT(11) NOT NULL AUTO_INCREMENT,
  `asignatura_id` INT(11) NOT NULL,
  `nombre` VARCHAR(160) NOT NULL,
  `idioma` VARCHAR(2) NULL DEFAULT NULL,
  `created_on` DATETIME(6) NULL DEFAULT NULL,
  `updated_on` DATETIME(6) NULL DEFAULT NULL,
  `is_deleted` TINYINT(1) NULL DEFAULT 0,
  INDEX `fk_asignatura_idiomas_asignaturas1_idx` (`asignatura_id` ASC) VISIBLE,
  PRIMARY KEY (`id`),
  UNIQUE INDEX `unq_asignatura_idiomas` (`asignatura_id` ASC, `idioma` ASC) VISIBLE,
  CONSTRAINT `fk_asignatura_idiomas_asignaturas1`
    FOREIGN KEY (`asignatura_id`)
    REFERENCES `asignaturas` (`id`)
    ON DELETE NO ACTION
    ON UPDATE NO ACTION)
ENGINE = InnoDB;


-- -----------------------------------------------------
-- Table `universidades`
-- -----------------------------------------------------
CREATE TABLE IF NOT EXISTS `universidades` (
  `id` INT(11) NOT NULL AUTO_INCREMENT,
  `nombre` VARCHAR(50) NOT NULL,
  `created_on` DATETIME(6) NULL DEFAULT NULL,
  `updated_on` DATETIME(6) NULL DEFAULT NULL,
  `is_deleted` TINYINT(1) NULL DEFAULT 0,
  PRIMARY KEY (`id`))
ENGINE = InnoDB;


-- -----------------------------------------------------
-- Table `campus`
-- -----------------------------------------------------
CREATE TABLE IF NOT EXISTS `campus` (
  `id` INT(11) NOT NULL AUTO_INCREMENT,
  `universidad_id` INT(11) NOT NULL,
  `nombre` VARCHAR(50) NOT NULL,
  `created_on` DATETIME(6) NULL DEFAULT NULL,
  `updated_on` DATETIME(6) NULL DEFAULT NULL,
  `is_deleted` TINYINT(1) NULL DEFAULT 0,
  PRIMARY KEY (`id`),
  INDEX `fk_campus_universidades_idx` (`universidad_id` ASC) VISIBLE,
  CONSTRAINT `fk_campus_universidades`
    FOREIGN KEY (`universidad_id`)
    REFERENCES `universidades` (`id`)
    ON DELETE NO ACTION
    ON UPDATE NO ACTION)
ENGINE = InnoDB;


-- -----------------------------------------------------
-- Table `campus_facultad`
-- -----------------------------------------------------
CREATE TABLE IF NOT EXISTS `campus_facultad` (
  `id` INT(11) NOT NULL AUTO_INCREMENT,
  `campus_id` INT(11) NOT NULL,
  `facultad_id` INT(11) NOT NULL,
  `created_on` DATETIME(6) NULL DEFAULT NULL,
  `updated_on` DATETIME(6) NULL DEFAULT NULL,
  `is_deleted` TINYINT(1) NULL DEFAULT 0,
  INDEX `fk_campus_facultad_campus1_idx` (`campus_id` ASC) VISIBLE,
  INDEX `fk_campus_facultad_facultades1_idx` (`facultad_id` ASC) VISIBLE,
  PRIMARY KEY (`id`),
  CONSTRAINT `fk_campus_facultad_campus1`
    FOREIGN KEY (`campus_id`)
    REFERENCES `campus` (`id`)
    ON DELETE NO ACTION
    ON UPDATE NO ACTION,
  CONSTRAINT `fk_campus_facultad_facultades1`
    FOREIGN KEY (`facultad_id`)
    REFERENCES `facultades` (`id`)
    ON DELETE NO ACTION
    ON UPDATE NO ACTION)
ENGINE = InnoDB;


-- -----------------------------------------------------
-- Table `campus_titulaciones`
-- -----------------------------------------------------
CREATE TABLE IF NOT EXISTS `campus_titulaciones` (
  `id` INT(11) NOT NULL AUTO_INCREMENT,
  `campus_id` INT(11) NOT NULL,
  `titulacion_id` INT(11) NOT NULL,
  `guid` VARCHAR(36) NULL DEFAULT NULL,
  `plazas` SMALLINT(6) NULL DEFAULT NULL,
  `url_calendario` VARCHAR(160) NULL DEFAULT NULL,
  `url_horario` VARCHAR(160) NULL DEFAULT NULL,
  `created_on` DATETIME(6) NULL DEFAULT NULL,
  `updated_on` DATETIME(6) NULL DEFAULT NULL,
  `is_deleted` TINYINT(1) NULL DEFAULT 0,
  INDEX `fk_campus_titulaciones_campus1_idx` (`campus_id` ASC) VISIBLE,
  INDEX `fk_campus_titulaciones_titulaciones1_idx` (`titulacion_id` ASC) VISIBLE,
  UNIQUE INDEX `unq_campus_titulaciones` (`campus_id` ASC, `titulacion_id` ASC) VISIBLE,
  UNIQUE INDEX `guid_UNIQUE` (`guid` ASC) VISIBLE,
  PRIMARY KEY (`id`),
  CONSTRAINT `fk_campus_titulaciones_campus1`
    FOREIGN KEY (`campus_id`)
    REFERENCES `campus` (`id`)
    ON DELETE NO ACTION
    ON UPDATE NO ACTION,
  CONSTRAINT `fk_campus_titulaciones_titulaciones1`
    FOREIGN KEY (`titulacion_id`)
    REFERENCES `titulaciones` (`id`)
    ON DELETE NO ACTION
    ON UPDATE NO ACTION)
ENGINE = InnoDB;


-- -----------------------------------------------------
-- Table `planes_estudios`
-- -----------------------------------------------------
CREATE TABLE IF NOT EXISTS `planes_estudios` (
  `id` INT(11) NOT NULL AUTO_INCREMENT,
  `titulacion_id` INT(11) NOT NULL,
  `ciclo_lectivo` INT(11) NOT NULL,
  `created_on` DATETIME(6) NULL DEFAULT NULL,
  `updated_on` DATETIME(6) NULL DEFAULT NULL,
  `is_deleted` TINYINT(1) NULL DEFAULT 0,
  INDEX `fk_planes_estudios_titulaciones1_idx` (`titulacion_id` ASC) VISIBLE,
  UNIQUE INDEX `unq_planes_estudios` (`titulacion_id` ASC, `ciclo_lectivo` ASC) VISIBLE,
  PRIMARY KEY (`id`),
  CONSTRAINT `fk_planes_estudios_titulaciones1`
    FOREIGN KEY (`titulacion_id`)
    REFERENCES `titulaciones` (`id`)
    ON DELETE NO ACTION
    ON UPDATE NO ACTION)
ENGINE = InnoDB;


-- -----------------------------------------------------
-- Table `cursos`
-- -----------------------------------------------------
CREATE TABLE IF NOT EXISTS `cursos` (
  `id` INT(11) NOT NULL AUTO_INCREMENT,
  `plan_estudio_id` INT(11) NOT NULL,
  `curso` SMALLINT(6) NOT NULL,
  `nombre` VARCHAR(50) NOT NULL,
  `created_on` DATETIME(6) NULL DEFAULT NULL,
  `updated_on` DATETIME(6) NULL DEFAULT NULL,
  `is_deleted` TINYINT(1) NULL DEFAULT 0,
  PRIMARY KEY (`id`),
  INDEX `fk_cursos_planes_estudios1_idx` (`plan_estudio_id` ASC) VISIBLE,
  CONSTRAINT `fk_cursos_planes_estudios1`
    FOREIGN KEY (`plan_estudio_id`)
    REFERENCES `planes_estudios` (`id`)
    ON DELETE NO ACTION
    ON UPDATE NO ACTION)
ENGINE = InnoDB;


-- -----------------------------------------------------
-- Table `personas`
-- -----------------------------------------------------
CREATE TABLE IF NOT EXISTS `personas` (
  `id` INT(11) NOT NULL AUTO_INCREMENT,
  `nombre` VARCHAR(50) NOT NULL,
  `apellidos` VARCHAR(50) NOT NULL,
  `dni` VARCHAR(9) NOT NULL,
  `sexo` VARCHAR(1) NULL DEFAULT NULL,
  `created_on` DATETIME(6) NULL DEFAULT NULL,
  `updated_on` DATETIME(6) NULL DEFAULT NULL,
  `is_deleted` TINYINT(1) NULL DEFAULT 0,
  PRIMARY KEY (`id`))
ENGINE = InnoDB;


-- -----------------------------------------------------
-- Table `profesores`
-- -----------------------------------------------------
CREATE TABLE IF NOT EXISTS `profesores` (
  `id` INT(11) NOT NULL AUTO_INCREMENT,
  `persona_id` INT(11) NOT NULL,
  `foto` VARCHAR(100) NULL DEFAULT NULL,
  `created_on` DATETIME(6) NULL DEFAULT NULL,
  `updated_on` DATETIME(6) NULL DEFAULT NULL,
  `is_deleted` TINYINT(1) NULL DEFAULT 0,
  PRIMARY KEY (`id`),
  INDEX `fk_profesores_personas1_idx` (`persona_id` ASC) VISIBLE,
  CONSTRAINT `fk_profesores_personas1`
    FOREIGN KEY (`persona_id`)
    REFERENCES `personas` (`id`)
    ON DELETE NO ACTION
    ON UPDATE NO ACTION)
ENGINE = InnoDB;


-- -----------------------------------------------------
-- Table `cursos_asignaturas`
-- -----------------------------------------------------
CREATE TABLE IF NOT EXISTS `cursos_asignaturas` (
  `id` INT(11) NOT NULL AUTO_INCREMENT,
  `curso_id` INT(11) NOT NULL,
  `asignatura_id` INT(11) NOT NULL,
  `profesor_id` INT(11) NOT NULL,
  `periodo` VARCHAR(2) NULL DEFAULT NULL,
  `creditos` DECIMAL(5,1) NULL DEFAULT NULL,
  `tipo` VARCHAR(3) NULL DEFAULT NULL,
  `url_guia` VARCHAR(160) NULL DEFAULT NULL,
  `created_on` DATETIME(6) NULL DEFAULT NULL,
  `updated_on` DATETIME(6) NULL DEFAULT NULL,
  `is_deleted` TINYINT(1) NULL DEFAULT 0,
  INDEX `fk_cursos_asignaturas_cursos1_idx` (`curso_id` ASC) VISIBLE,
  INDEX `fk_cursos_asignaturas_asignaturas1_idx` (`asignatura_id` ASC) VISIBLE,
  PRIMARY KEY (`id`),
  INDEX `fk_cursos_asignaturas_profesores1_idx` (`profesor_id` ASC) VISIBLE,
  CONSTRAINT `fk_cursos_asignaturas_cursos1`
    FOREIGN KEY (`curso_id`)
    REFERENCES `cursos` (`id`)
    ON DELETE NO ACTION
    ON UPDATE NO ACTION,
  CONSTRAINT `fk_cursos_asignaturas_asignaturas1`
    FOREIGN KEY (`asignatura_id`)
    REFERENCES `asignaturas` (`id`)
    ON DELETE NO ACTION
    ON UPDATE NO ACTION,
  CONSTRAINT `fk_cursos_asignaturas_profesores1`
    FOREIGN KEY (`profesor_id`)
    REFERENCES `profesores` (`id`)
    ON DELETE NO ACTION
    ON UPDATE NO ACTION)
ENGINE = InnoDB;


-- -----------------------------------------------------
-- Table `departamento`
-- -----------------------------------------------------
CREATE TABLE IF NOT EXISTS `departamento` (
  `id` INT(11) NOT NULL,
  `facultad_id` INT(11) NOT NULL,
  `nombre` VARCHAR(120) NOT NULL,
  `created_on` DATETIME(6) NULL DEFAULT NULL,
  `updated_on` DATETIME(6) NULL DEFAULT NULL,
  `is_deleted` TINYINT(1) NULL DEFAULT 0,
  INDEX `fk_departamento_facultades1_idx` (`facultad_id` ASC) VISIBLE,
  CONSTRAINT `fk_departamento_facultades1`
    FOREIGN KEY (`facultad_id`)
    REFERENCES `facultades` (`id`)
    ON DELETE NO ACTION
    ON UPDATE NO ACTION)
ENGINE = InnoDB;


-- -----------------------------------------------------
-- Table `funciones`
-- -----------------------------------------------------
CREATE TABLE IF NOT EXISTS `funciones` (
  `id` INT(11) NOT NULL AUTO_INCREMENT,
  `nombre` VARCHAR(150) NOT NULL,
  `created_on` DATETIME(6) NULL DEFAULT NULL,
  `updated_on` DATETIME(6) NULL DEFAULT NULL,
  `is_deleted` TINYINT(1) NULL DEFAULT 0,
  PRIMARY KEY (`id`))
ENGINE = InnoDB;


-- -----------------------------------------------------
-- Table `jpa`
-- -----------------------------------------------------
CREATE TABLE IF NOT EXISTS `jpa` (
  `id` INT(11) NOT NULL,
  `created_on` DATETIME(6) NULL DEFAULT NULL,
  `updated_on` DATETIME(6) NULL DEFAULT NULL,
  `is_deleted` TINYINT(1) NOT NULL,
  `fecha` DATE NOT NULL,
  `tipo` VARCHAR(1) NULL DEFAULT NULL,
  `es_nacional` TINYINT(1) NOT NULL,
  `campus_id` INT(11) NULL DEFAULT NULL,
  `titulacion_id` INT(11) NULL DEFAULT NULL)
ENGINE = InnoDB;


-- -----------------------------------------------------
-- Table `jpa_idiomas`
-- -----------------------------------------------------
CREATE TABLE IF NOT EXISTS `jpa_idiomas` (
  `id` INT(11) NOT NULL,
  `created_on` DATETIME(6) NULL DEFAULT NULL,
  `updated_on` DATETIME(6) NULL DEFAULT NULL,
  `is_deleted` TINYINT(1) NOT NULL,
  `idioma` VARCHAR(2) NULL DEFAULT NULL,
  `jpa_id` INT(11) NULL DEFAULT NULL)
ENGINE = InnoDB;


-- -----------------------------------------------------
-- Table `profesores_funciones`
-- -----------------------------------------------------
CREATE TABLE IF NOT EXISTS `profesores_funciones` (
  `id` INT(11) NOT NULL AUTO_INCREMENT,
  `profesor_id` INT(11) NOT NULL,
  `funcion_id` INT(11) NOT NULL,
  `prioridad` SMALLINT(6) NULL DEFAULT NULL,
  `principal` TINYINT(1) NULL DEFAULT NULL,
  `created_on` DATETIME(6) NULL DEFAULT NULL,
  `updated_on` DATETIME(6) NULL DEFAULT NULL,
  `is_deleted` TINYINT(1) NULL DEFAULT 0,
  PRIMARY KEY (`id`),
  INDEX `fk_profesores_funciones_funciones1_idx` (`funcion_id` ASC) VISIBLE,
  INDEX `fk_profesores_funciones_profesores1_idx` (`profesor_id` ASC) VISIBLE,
  UNIQUE INDEX `unq_profesores_funciones` (`profesor_id` ASC, `funcion_id` ASC) INVISIBLE,
  UNIQUE INDEX `unq_profesores_funciones_2` (`profesor_id` ASC, `principal` ASC) VISIBLE,
  CONSTRAINT `fk_profesores_funciones_funciones1`
    FOREIGN KEY (`funcion_id`)
    REFERENCES `funciones` (`id`)
    ON DELETE NO ACTION
    ON UPDATE NO ACTION,
  CONSTRAINT `fk_profesores_funciones_profesores1`
    FOREIGN KEY (`profesor_id`)
    REFERENCES `profesores` (`id`)
    ON DELETE NO ACTION
    ON UPDATE NO ACTION)
ENGINE = InnoDB;


-- -----------------------------------------------------
-- Table `titulacion_aux`
-- -----------------------------------------------------
CREATE TABLE IF NOT EXISTS `titulacion_aux` (
  `id` INT(11) NOT NULL,
  `created_on` DATETIME(6) NULL DEFAULT NULL,
  `updated_on` DATETIME(6) NULL DEFAULT NULL,
  `is_deleted` TINYINT(1) NOT NULL,
  `tipo_encabezado` VARCHAR(1) NOT NULL,
  `url_imagen_1` VARCHAR(160) NOT NULL,
  `text_imagen_1` VARCHAR(160) NOT NULL,
  `subtext_imagen_1` VARCHAR(160) NOT NULL,
  `url_imagen_2` VARCHAR(160) NULL DEFAULT NULL,
  `text_imagen_2` VARCHAR(160) NULL DEFAULT NULL,
  `subtext_imagen_2` VARCHAR(160) NULL DEFAULT NULL,
  `url_imagen_3` VARCHAR(160) NULL DEFAULT NULL,
  `text_imagen_3` VARCHAR(160) NULL DEFAULT NULL,
  `subtext_imagen_3` VARCHAR(160) NULL DEFAULT NULL,
  `titulacion_id` INT(11) NULL DEFAULT NULL)
ENGINE = InnoDB;


-- -----------------------------------------------------
-- Table `titulacion_html`
-- -----------------------------------------------------
CREATE TABLE IF NOT EXISTS `titulacion_html` (
  `id` INT(11) NOT NULL,
  `created_on` DATETIME(6) NULL DEFAULT NULL,
  `updated_on` DATETIME(6) NULL DEFAULT NULL,
  `is_deleted` TINYINT(1) NOT NULL,
  `grupo` VARCHAR(80) NULL DEFAULT NULL,
  `titulo` VARCHAR(80) NULL DEFAULT NULL,
  `texto` LONGTEXT NULL DEFAULT NULL,
  `titulacion_id` INT(11) NULL DEFAULT NULL)
ENGINE = InnoDB;


-- -----------------------------------------------------
-- Table `titulacion_idiomas`
-- -----------------------------------------------------
CREATE TABLE IF NOT EXISTS `titulacion_idiomas` (
  `id` INT(11) NOT NULL AUTO_INCREMENT,
  `titulacion_id` INT(11) NOT NULL,
  `nombre` VARCHAR(160) NOT NULL,
  `idioma` VARCHAR(2) NULL DEFAULT NULL,
  `slug` VARCHAR(150) NULL,
  `created_on` DATETIME(6) NULL DEFAULT NULL,
  `updated_on` DATETIME(6) NULL DEFAULT NULL,
  `is_deleted` TINYINT(1) NULL DEFAULT 0,
  PRIMARY KEY (`id`),
  INDEX `fk_titulacion_idiomas_titulaciones1_idx` (`titulacion_id` ASC) VISIBLE,
  UNIQUE INDEX `unq_titulacion_idiomas` (`titulacion_id` ASC, `idioma` ASC) VISIBLE,
  UNIQUE INDEX `slug_UNIQUE` (`slug` ASC) VISIBLE,
  CONSTRAINT `fk_titulacion_idiomas_titulaciones1`
    FOREIGN KEY (`titulacion_id`)
    REFERENCES `titulaciones` (`id`)
    ON DELETE NO ACTION
    ON UPDATE NO ACTION)
ENGINE = InnoDB;


-- -----------------------------------------------------
-- Table `titulacion_url`
-- -----------------------------------------------------
CREATE TABLE IF NOT EXISTS `titulacion_url` (
  `id` INT(11) NOT NULL,
  `created_on` DATETIME(6) NULL DEFAULT NULL,
  `updated_on` DATETIME(6) NULL DEFAULT NULL,
  `is_deleted` TINYINT(1) NOT NULL,
  `grupo` VARCHAR(80) NULL DEFAULT NULL,
  `url` VARCHAR(180) NULL DEFAULT NULL,
  `texto` VARCHAR(80) NULL DEFAULT NULL,
  `titulacion_id` INT(11) NULL DEFAULT NULL)
ENGINE = InnoDB;


SET SQL_MODE=@OLD_SQL_MODE;
SET FOREIGN_KEY_CHECKS=@OLD_FOREIGN_KEY_CHECKS;
SET UNIQUE_CHECKS=@OLD_UNIQUE_CHECKS;


USE `dbSchemaCEU`;

START TRANSACTION;
INSERT INTO `universidades` (`id`, `nombre`, `created_on`, `updated_on`, `is_deleted`) VALUES (1, 'Cardenal Herrera', NULL, NULL, 0);
COMMIT;

START TRANSACTION;
INSERT INTO `campus` (`id`, `universidad_id`, `nombre`, `created_on`, `updated_on`, `is_deleted`) VALUES (1, 1, 'Valencia', NULL, NULL, 0);
INSERT INTO `campus` (`id`, `universidad_id`, `nombre`, `created_on`, `updated_on`, `is_deleted`) VALUES (2, 1, 'Elche', NULL, NULL, 0);
INSERT INTO `campus` (`id`, `universidad_id`, `nombre`, `created_on`, `updated_on`, `is_deleted`) VALUES (3, 1, 'Castellón', NULL, NULL, 0);
COMMIT;


START TRANSACTION;
INSERT INTO `facultades` (`id`, `nombre`, `created_on`, `updated_on`, `is_deleted`) VALUES (1, 'Facultad de Derecho, Empresa y Ciencias Políticas', NULL, NULL, 0);
INSERT INTO `facultades` (`id`, `nombre`, `created_on`, `updated_on`, `is_deleted`) VALUES (2, 'Facultad de Humanidades y Ciencias de la Comunicación', NULL, NULL, 0);
INSERT INTO `facultades` (`id`, `nombre`, `created_on`, `updated_on`, `is_deleted`) VALUES (3, 'Facultad de Veterinaria', NULL, NULL, 0);
INSERT INTO `facultades` (`id`, `nombre`, `created_on`, `updated_on`, `is_deleted`) VALUES (4, 'Facultad de Ciencias de la Salud', NULL, NULL, 0);
INSERT INTO `facultades` (`id`, `nombre`, `created_on`, `updated_on`, `is_deleted`) VALUES (5, 'Escuela Superior de Enseñanzas Técnicas', NULL, NULL, 0);
COMMIT;


START TRANSACTION;
INSERT INTO `departamento` (`id`, `facultad_id`, `nombre`, `created_on`, `updated_on`, `is_deleted`) VALUES (1, 4, 'Ciencias Biomédicas', NULL, NULL, 0);
INSERT INTO `departamento` (`id`, `facultad_id`, `nombre`, `created_on`, `updated_on`, `is_deleted`) VALUES (2, 4, 'Enfermería y Fisioterapia', NULL, NULL, 0);
INSERT INTO `departamento` (`id`, `facultad_id`, `nombre`, `created_on`, `updated_on`, `is_deleted`) VALUES (3, 4, 'Farmacia', NULL, NULL, 0);
INSERT INTO `departamento` (`id`, `facultad_id`, `nombre`, `created_on`, `updated_on`, `is_deleted`) VALUES (4, 4, 'Odontología', NULL, NULL, 0);
INSERT INTO `departamento` (`id`, `facultad_id`, `nombre`, `created_on`, `updated_on`, `is_deleted`) VALUES (5, 4, 'Medicina y Cirugía', NULL, NULL, 0);
INSERT INTO `departamento` (`id`, `facultad_id`, `nombre`, `created_on`, `updated_on`, `is_deleted`) VALUES (6, 3, 'Producción y Sanidad Animal, Salud Pública Veterinaria y Ciencia y Tecnología de los Alimentos', NULL, NULL, 0);
INSERT INTO `departamento` (`id`, `facultad_id`, `nombre`, `created_on`, `updated_on`, `is_deleted`) VALUES (7, 3, 'Medicina y Cirugía Animal', NULL, NULL, 0);
INSERT INTO `departamento` (`id`, `facultad_id`, `nombre`, `created_on`, `updated_on`, `is_deleted`) VALUES (8, 2, 'Ciencias de la Educación', NULL, NULL, 0);
INSERT INTO `departamento` (`id`, `facultad_id`, `nombre`, `created_on`, `updated_on`, `is_deleted`) VALUES (9, 2, 'Comunicación Audiovisual y Publicidad', NULL, NULL, 0);
INSERT INTO `departamento` (`id`, `facultad_id`, `nombre`, `created_on`, `updated_on`, `is_deleted`) VALUES (10, 2, 'Comunicación e Información Periodística', NULL, NULL, 0);
INSERT INTO `departamento` (`id`, `facultad_id`, `nombre`, `created_on`, `updated_on`, `is_deleted`) VALUES (11, 2, 'Humanidades', NULL, NULL, 0);
INSERT INTO `departamento` (`id`, `facultad_id`, `nombre`, `created_on`, `updated_on`, `is_deleted`) VALUES (12, 1, 'Ciencias Jurídicas', NULL, NULL, 0);
INSERT INTO `departamento` (`id`, `facultad_id`, `nombre`, `created_on`, `updated_on`, `is_deleted`) VALUES (13, 1, 'Ciencias Políticas, Ética y Sociología', NULL, NULL, 0);
INSERT INTO `departamento` (`id`, `facultad_id`, `nombre`, `created_on`, `updated_on`, `is_deleted`) VALUES (14, 1, 'Economía y Empresa', NULL, NULL, 0);
INSERT INTO `departamento` (`id`, `facultad_id`, `nombre`, `created_on`, `updated_on`, `is_deleted`) VALUES (15, 5, 'Matemáticas, Física y Ciencias Tecnológicas', NULL, NULL, 0);
INSERT INTO `departamento` (`id`, `facultad_id`, `nombre`, `created_on`, `updated_on`, `is_deleted`) VALUES (16, 5, 'Proyectos, Teoría y Técnica del Diseño y la Arquitectura', NULL, NULL, 0);
COMMIT;


START TRANSACTION;
INSERT INTO `areas` (`id`, `facultad_id`, `nombre`, `icono`, `parent_id`, `created_on`, `updated_on`, `is_deleted`) VALUES (3, NULL, 'Derecho y Política', 'i-derecho', NULL, NULL, NULL, 0);
INSERT INTO `areas` (`id`, `facultad_id`, `nombre`, `icono`, `parent_id`, `created_on`, `updated_on`, `is_deleted`) VALUES (6, NULL, 'Empresas y Marketing', 'i-empresa', NULL, NULL, NULL, 0);
INSERT INTO `areas` (`id`, `facultad_id`, `nombre`, `icono`, `parent_id`, `created_on`, `updated_on`, `is_deleted`) VALUES (7, NULL, 'Deporte', 'i-deporte', NULL, NULL, NULL, 0);
INSERT INTO `areas` (`id`, `facultad_id`, `nombre`, `icono`, `parent_id`, `created_on`, `updated_on`, `is_deleted`) VALUES (1, NULL, 'Ciencias de la Salud', 'i-salud', NULL, NULL, NULL, 0);
INSERT INTO `areas` (`id`, `facultad_id`, `nombre`, `icono`, `parent_id`, `created_on`, `updated_on`, `is_deleted`) VALUES (5, NULL, 'Educación', 'i-educacion', NULL, NULL, NULL, 0);
INSERT INTO `areas` (`id`, `facultad_id`, `nombre`, `icono`, `parent_id`, `created_on`, `updated_on`, `is_deleted`) VALUES (2, NULL, 'Comunicación', 'i-comunicacion', NULL, NULL, NULL, 0);
INSERT INTO `areas` (`id`, `facultad_id`, `nombre`, `icono`, `parent_id`, `created_on`, `updated_on`, `is_deleted`) VALUES (8, NULL, 'Ingeniería', 'i-ingenieria', NULL, NULL, NULL, 0);
INSERT INTO `areas` (`id`, `facultad_id`, `nombre`, `icono`, `parent_id`, `created_on`, `updated_on`, `is_deleted`) VALUES (9, NULL, 'Arquitectura', 'i-arquitectura', NULL, NULL, NULL, 0);
INSERT INTO `areas` (`id`, `facultad_id`, `nombre`, `icono`, `parent_id`, `created_on`, `updated_on`, `is_deleted`) VALUES (4, NULL, 'Diseño', 'i-diseno', NULL, NULL, NULL, 0);
INSERT INTO `areas` (`id`, `facultad_id`, `nombre`, `icono`, `parent_id`, `created_on`, `updated_on`, `is_deleted`) VALUES (10, NULL, 'Veterinaria', 'i-veterinaria', NULL, NULL, NULL, 0);
INSERT INTO `areas` (`id`, `facultad_id`, `nombre`, `icono`, `parent_id`, `created_on`, `updated_on`, `is_deleted`) VALUES (11, NULL, 'Gastronomia', 'i-gastronomia', NULL, NULL, NULL, 0);
INSERT INTO `areas` (`id`, `facultad_id`, `nombre`, `icono`, `parent_id`, `created_on`, `updated_on`, `is_deleted`) VALUES (12, 1, 'Enfermeria', NULL, 1, NULL, NULL, 0);
INSERT INTO `areas` (`id`, `facultad_id`, `nombre`, `icono`, `parent_id`, `created_on`, `updated_on`, `is_deleted`) VALUES (13, 1, 'Farmacia', NULL, 1, NULL, NULL, 0);
INSERT INTO `areas` (`id`, `facultad_id`, `nombre`, `icono`, `parent_id`, `created_on`, `updated_on`, `is_deleted`) VALUES (14, 1, 'Fisioterapia', NULL, 1, NULL, NULL, 0);
INSERT INTO `areas` (`id`, `facultad_id`, `nombre`, `icono`, `parent_id`, `created_on`, `updated_on`, `is_deleted`) VALUES (15, 1, 'Medicina', NULL, 1, NULL, NULL, 0);
INSERT INTO `areas` (`id`, `facultad_id`, `nombre`, `icono`, `parent_id`, `created_on`, `updated_on`, `is_deleted`) VALUES (16, 1, 'Nutrición', NULL, 1, NULL, NULL, 0);
INSERT INTO `areas` (`id`, `facultad_id`, `nombre`, `icono`, `parent_id`, `created_on`, `updated_on`, `is_deleted`) VALUES (17, 1, 'Odontología', NULL, 1, NULL, NULL, 0);
INSERT INTO `areas` (`id`, `facultad_id`, `nombre`, `icono`, `parent_id`, `created_on`, `updated_on`, `is_deleted`) VALUES (18, 1, 'Óptica', NULL, 1, NULL, NULL, 0);
INSERT INTO `areas` (`id`, `facultad_id`, `nombre`, `icono`, `parent_id`, `created_on`, `updated_on`, `is_deleted`) VALUES (19, 3, 'Comunicación audiovisual', NULL, 2, NULL, NULL, 0);
INSERT INTO `areas` (`id`, `facultad_id`, `nombre`, `icono`, `parent_id`, `created_on`, `updated_on`, `is_deleted`) VALUES (20, 3, 'Periodismo', NULL, 2, NULL, NULL, 0);
INSERT INTO `areas` (`id`, `facultad_id`, `nombre`, `icono`, `parent_id`, `created_on`, `updated_on`, `is_deleted`) VALUES (21, 3, 'Publicidad', NULL, 2, NULL, NULL, 0);
INSERT INTO `areas` (`id`, `facultad_id`, `nombre`, `icono`, `parent_id`, `created_on`, `updated_on`, `is_deleted`) VALUES (22, 4, 'Derecho', NULL, 3, NULL, NULL, 0);
INSERT INTO `areas` (`id`, `facultad_id`, `nombre`, `icono`, `parent_id`, `created_on`, `updated_on`, `is_deleted`) VALUES (23, NULL, 'Diseño', NULL, 4, NULL, NULL, 0);
INSERT INTO `areas` (`id`, `facultad_id`, `nombre`, `icono`, `parent_id`, `created_on`, `updated_on`, `is_deleted`) VALUES (24, 3, 'Educación', NULL, 5, NULL, NULL, 0);
INSERT INTO `areas` (`id`, `facultad_id`, `nombre`, `icono`, `parent_id`, `created_on`, `updated_on`, `is_deleted`) VALUES (25, 4, 'Empresa', NULL, 6, NULL, NULL, 0);
INSERT INTO `areas` (`id`, `facultad_id`, `nombre`, `icono`, `parent_id`, `created_on`, `updated_on`, `is_deleted`) VALUES (26, 4, 'Marketing', NULL, 6, NULL, NULL, 0);
INSERT INTO `areas` (`id`, `facultad_id`, `nombre`, `icono`, `parent_id`, `created_on`, `updated_on`, `is_deleted`) VALUES (27, NULL, 'Deporte', NULL, 7, NULL, NULL, 0);
INSERT INTO `areas` (`id`, `facultad_id`, `nombre`, `icono`, `parent_id`, `created_on`, `updated_on`, `is_deleted`) VALUES (28, NULL, 'Ingeniería', NULL, 8, NULL, NULL, 0);
INSERT INTO `areas` (`id`, `facultad_id`, `nombre`, `icono`, `parent_id`, `created_on`, `updated_on`, `is_deleted`) VALUES (29, NULL, 'Arquitectura', NULL, 9, NULL, NULL, 0);
INSERT INTO `areas` (`id`, `facultad_id`, `nombre`, `icono`, `parent_id`, `created_on`, `updated_on`, `is_deleted`) VALUES (30, 2, 'Veterinaria', NULL, 10, NULL, NULL, 0);
INSERT INTO `areas` (`id`, `facultad_id`, `nombre`, `icono`, `parent_id`, `created_on`, `updated_on`, `is_deleted`) VALUES (31, NULL, 'Gastronomía', NULL, 11, NULL, NULL, 0);
INSERT INTO `areas` (`id`, `facultad_id`, `nombre`, `icono`, `parent_id`, `created_on`, `updated_on`, `is_deleted`) VALUES (32, 4, 'Ciencias políticas', NULL, 3, NULL, NULL, 0);
COMMIT;


START TRANSACTION;
INSERT INTO `tipos_titulaciones` (`id`, `nombre`, `created_on`, `updated_on`, `is_deleted`) VALUES (1, 'Grado', NULL, NULL, 0);
INSERT INTO `tipos_titulaciones` (`id`, `nombre`, `created_on`, `updated_on`, `is_deleted`) VALUES (2, 'Doble Grado', NULL, NULL, 0);
INSERT INTO `tipos_titulaciones` (`id`, `nombre`, `created_on`, `updated_on`, `is_deleted`) VALUES (3, 'Máster Universitario', NULL, NULL, 0);
INSERT INTO `tipos_titulaciones` (`id`, `nombre`, `created_on`, `updated_on`, `is_deleted`) VALUES (4, 'Título Propio', NULL, NULL, 0);
INSERT INTO `tipos_titulaciones` (`id`, `nombre`, `created_on`, `updated_on`, `is_deleted`) VALUES (5, 'Curso de Especialización', NULL, NULL, NULL);
COMMIT;


START TRANSACTION;
INSERT INTO `titulaciones` (`id`, `tipo_titulacion_id`, `nombre`, `duracion`, `duracion_tipo`, `creditos`, `modalidad`, `slug`, `citrix`, `sigma`, `created_on`, `updated_on`, `is_deleted`) VALUES (1, 1, 'Architecture (Grado en Fundamentos de Arquitectura)', 5, 'A', 3, 'P', 'fundamentos-arquitectura', 'NULL', NULL, NULL, NULL, 0);
INSERT INTO `titulaciones` (`id`, `tipo_titulacion_id`, `nombre`, `duracion`, `duracion_tipo`, `creditos`, `modalidad`, `slug`, `citrix`, `sigma`, `created_on`, `updated_on`, `is_deleted`) VALUES (2, 4, 'Curso de Actualización Profesional en Farmacoterapia y Dispensación de medicamentos veterinarios', 2, 'S', 3.5, 'P', 'curso-actualizacion-profesional-farmacoterapia-medicamentos-veterinarios', 'NULL', NULL, NULL, NULL, 0);
INSERT INTO `titulaciones` (`id`, `tipo_titulacion_id`, `nombre`, `duracion`, `duracion_tipo`, `creditos`, `modalidad`, `slug`, `citrix`, `sigma`, `created_on`, `updated_on`, `is_deleted`) VALUES (3, 5, 'Curso de Actualización Profesional para Administradores Concursales', 9, 'D', 1.5, 'P', 'curso-formacion-continua-administradores-concursales', 'NULL', NULL, NULL, NULL, 0);
INSERT INTO `titulaciones` (`id`, `tipo_titulacion_id`, `nombre`, `duracion`, `duracion_tipo`, `creditos`, `modalidad`, `slug`, `citrix`, `sigma`, `created_on`, `updated_on`, `is_deleted`) VALUES (4, 4, 'Curso Superior de Posgrado en Cirugía General en Pequeños Animales', 9, 'M', 29, 'P', 'curso-superior-cirugia-general-pequenos-animales', 'NULL', NULL, NULL, NULL, 0);
INSERT INTO `titulaciones` (`id`, `tipo_titulacion_id`, `nombre`, `duracion`, `duracion_tipo`, `creditos`, `modalidad`, `slug`, `citrix`, `sigma`, `created_on`, `updated_on`, `is_deleted`) VALUES (5, 4, 'Curso Superior de Posgrado en Intensificación de Fundamentos en Veterinaria', 6, 'M', 12, 'P', 'curso-superior-posgrado-intensificacion-fundamentos-veterinaria', 'NULL', NULL, NULL, NULL, 0);
INSERT INTO `titulaciones` (`id`, `tipo_titulacion_id`, `nombre`, `duracion`, `duracion_tipo`, `creditos`, `modalidad`, `slug`, `citrix`, `sigma`, `created_on`, `updated_on`, `is_deleted`) VALUES (6, 4, 'Curso Superior de Posgrado en Medicina Interna y Urgencias de Pequeños Animales', 9, 'M', 29, 'P', 'medicina-interna-urgencia-pequenos-animales', 'NULL', NULL, NULL, NULL, 0);
INSERT INTO `titulaciones` (`id`, `tipo_titulacion_id`, `nombre`, `duracion`, `duracion_tipo`, `creditos`, `modalidad`, `slug`, `citrix`, `sigma`, `created_on`, `updated_on`, `is_deleted`) VALUES (7, 4, 'Curso Superior de Posgrado en Traumatología y Ortopedia. Sistema de Fijación externa en Pequeños Animales', 9, 'M', 9, 'P', 'traumatologia-ortopedia-pequenos-animales', 'NULL', NULL, NULL, NULL, 0);
INSERT INTO `titulaciones` (`id`, `tipo_titulacion_id`, `nombre`, `duracion`, `duracion_tipo`, `creditos`, `modalidad`, `slug`, `citrix`, `sigma`, `created_on`, `updated_on`, `is_deleted`) VALUES (8, 4, 'Diploma Universitario de Especialización en Comunicación de Moda', 8, 'M', 30, 'P', 'titulo-especialista-comunicacion-moda', 'NULL', NULL, NULL, NULL, 0);
INSERT INTO `titulaciones` (`id`, `tipo_titulacion_id`, `nombre`, `duracion`, `duracion_tipo`, `creditos`, `modalidad`, `slug`, `citrix`, `sigma`, `created_on`, `updated_on`, `is_deleted`) VALUES (9, 4, 'Diploma Universitario de Experto en Concepto Bobath de los trastornos sensoriomotores de origen cerebral', 2, 'M', 28, 'P', 'diploma-universitario-experto-concepto-bobath', 'NULL', NULL, NULL, NULL, 0);
INSERT INTO `titulaciones` (`id`, `tipo_titulacion_id`, `nombre`, `duracion`, `duracion_tipo`, `creditos`, `modalidad`, `slug`, `citrix`, `sigma`, `created_on`, `updated_on`, `is_deleted`) VALUES (10, 4, 'Diploma Universitario de Experto en Coordinación de Ensayos clínicos de un Centro Investigador', 10, 'S', 20, 'P', 'titulo-experto-coordinacion-ensayos-clinicos-centro-investigador', 'NULL', NULL, NULL, NULL, 0);
INSERT INTO `titulaciones` (`id`, `tipo_titulacion_id`, `nombre`, `duracion`, `duracion_tipo`, `creditos`, `modalidad`, `slug`, `citrix`, `sigma`, `created_on`, `updated_on`, `is_deleted`) VALUES (11, 4, 'Diploma Universitario de Experto en Derecho del Arte', 6, 'M', 18, 'P', 'diploma-universitario-experto-derecho-arte', 'NULL', NULL, NULL, NULL, 0);
INSERT INTO `titulaciones` (`id`, `tipo_titulacion_id`, `nombre`, `duracion`, `duracion_tipo`, `creditos`, `modalidad`, `slug`, `citrix`, `sigma`, `created_on`, `updated_on`, `is_deleted`) VALUES (12, 4, 'Diploma Universitario de Experto en Diseño de Producto para el Hábitat', 6, 'M', 16, 'P', 'titulo-experto-diseno-producto-habitat', 'NULL', NULL, NULL, NULL, 0);
INSERT INTO `titulaciones` (`id`, `tipo_titulacion_id`, `nombre`, `duracion`, `duracion_tipo`, `creditos`, `modalidad`, `slug`, `citrix`, `sigma`, `created_on`, `updated_on`, `is_deleted`) VALUES (13, 4, 'Diploma Universitario de Experto en Diseño Gráfico y Comunicación', 5, 'M', 18, 'P', 'titulo-experto-diseno-grafico-comunicacion', 'NULL', NULL, NULL, NULL, 0);
INSERT INTO `titulaciones` (`id`, `tipo_titulacion_id`, `nombre`, `duracion`, `duracion_tipo`, `creditos`, `modalidad`, `slug`, `citrix`, `sigma`, `created_on`, `updated_on`, `is_deleted`) VALUES (14, 4, 'Diploma Universitario de Experto en Ecografía Músculo-Esquelética', 7, 'M', 16, 'P', 'titulo-experto-ecografia-musculo-esqueletica', 'NULL', NULL, NULL, NULL, 0);
INSERT INTO `titulaciones` (`id`, `tipo_titulacion_id`, `nombre`, `duracion`, `duracion_tipo`, `creditos`, `modalidad`, `slug`, `citrix`, `sigma`, `created_on`, `updated_on`, `is_deleted`) VALUES (15, 4, 'Diploma Universitario de Experto en Enseñanza Escolar de la Religión Católica', 8, 'M', 24, 'P', 'titulo-experto-ensenanza-escolar-religion-catolica', 'NULL', NULL, NULL, NULL, 0);
INSERT INTO `titulaciones` (`id`, `tipo_titulacion_id`, `nombre`, `duracion`, `duracion_tipo`, `creditos`, `modalidad`, `slug`, `citrix`, `sigma`, `created_on`, `updated_on`, `is_deleted`) VALUES (16, 4, 'Diploma Universitario de Experto en Helicopter Emergency Medical Service y Asistencia Médica Aerotransportada', 3, 'M', 18, 'P', 'titulo-experto-asistencia-medica-aerotransportada', 'NULL', NULL, NULL, NULL, 0);
INSERT INTO `titulaciones` (`id`, `tipo_titulacion_id`, `nombre`, `duracion`, `duracion_tipo`, `creditos`, `modalidad`, `slug`, `citrix`, `sigma`, `created_on`, `updated_on`, `is_deleted`) VALUES (17, 4, 'Diploma Universitario de Experto en Interiorismo de Espacios Comerciales y Residenciales', 5, 'M', 16, 'P', 'titulo-experto-interiorismo-espacios-comerciales-residenciales', 'NULL', NULL, NULL, NULL, 0);
INSERT INTO `titulaciones` (`id`, `tipo_titulacion_id`, `nombre`, `duracion`, `duracion_tipo`, `creditos`, `modalidad`, `slug`, `citrix`, `sigma`, `created_on`, `updated_on`, `is_deleted`) VALUES (18, 5, 'Diploma Universitario de Experto en Mediación Civil y Mercantil', 3, 'M', 6.5, 'P', 'curso-universitario-mediacion-civil-mercantil', 'NULL', NULL, NULL, NULL, 0);
INSERT INTO `titulaciones` (`id`, `tipo_titulacion_id`, `nombre`, `duracion`, `duracion_tipo`, `creditos`, `modalidad`, `slug`, `citrix`, `sigma`, `created_on`, `updated_on`, `is_deleted`) VALUES (19, 4, 'Diploma Universitario de Experto en Mediación y Resolución de Conflictos', 5, 'M', 16, 'P', 'titulo-experto-mediacion-resolucion-conflictos', 'NULL', NULL, NULL, NULL, 0);
INSERT INTO `titulaciones` (`id`, `tipo_titulacion_id`, `nombre`, `duracion`, `duracion_tipo`, `creditos`, `modalidad`, `slug`, `citrix`, `sigma`, `created_on`, `updated_on`, `is_deleted`) VALUES (20, 4, 'Diploma Universitario de Experto en Neuromodulación Percutánea y Técnicas Invasivas', 1, 'A', 25, 'P', 'titulo-experto-neuromodulacion-percutanea-tecnicas-invasivas', 'NULL', NULL, NULL, NULL, 0);
INSERT INTO `titulaciones` (`id`, `tipo_titulacion_id`, `nombre`, `duracion`, `duracion_tipo`, `creditos`, `modalidad`, `slug`, `citrix`, `sigma`, `created_on`, `updated_on`, `is_deleted`) VALUES (21, 4, 'Diploma Universitario de Experto en Nutrición Deportiva', 5, 'M', 16, 'P', 'titulo-experto-nutricion-deportiva', 'NULL', NULL, NULL, NULL, 0);
INSERT INTO `titulaciones` (`id`, `tipo_titulacion_id`, `nombre`, `duracion`, `duracion_tipo`, `creditos`, `modalidad`, `slug`, `citrix`, `sigma`, `created_on`, `updated_on`, `is_deleted`) VALUES (22, 4, 'Diploma Universitario de Experto en Reeducación del Suelo Pélvico', 10, 'M', 28, 'P', 'titulo-experto-reeducacion-suelo-pelvico', 'NULL', NULL, NULL, NULL, 0);
INSERT INTO `titulaciones` (`id`, `tipo_titulacion_id`, `nombre`, `duracion`, `duracion_tipo`, `creditos`, `modalidad`, `slug`, `citrix`, `sigma`, `created_on`, `updated_on`, `is_deleted`) VALUES (23, 4, 'Diploma Universitario de Formación Avanzada en Fisioterapia Oncológica', 1, 'A', 30, 'P', 'diploma-universitario-formacion-avanzada-fisioterapia-oncologica', 'NULL', NULL, NULL, NULL, 0);
INSERT INTO `titulaciones` (`id`, `tipo_titulacion_id`, `nombre`, `duracion`, `duracion_tipo`, `creditos`, `modalidad`, `slug`, `citrix`, `sigma`, `created_on`, `updated_on`, `is_deleted`) VALUES (24, 2, 'Doble Grado en Ciencias de la Actividad Física y del Deporte + Educación Primaria', 5, 'A', 390, 'P', 'doble-ciencias-actividad-fisica-deporte-educacion-primaria', 'NULL', NULL, NULL, NULL, 0);
INSERT INTO `titulaciones` (`id`, `tipo_titulacion_id`, `nombre`, `duracion`, `duracion_tipo`, `creditos`, `modalidad`, `slug`, `citrix`, `sigma`, `created_on`, `updated_on`, `is_deleted`) VALUES (25, 2, 'Doble Grado en Ciencias Políticas / Relaciones Internacionales + Dirección de Empresas', 5, 'A', 432, 'P', 'doble-ciencias-politicas-direccion-empresas', 'NULL', NULL, NULL, NULL, 0);
INSERT INTO `titulaciones` (`id`, `tipo_titulacion_id`, `nombre`, `duracion`, `duracion_tipo`, `creditos`, `modalidad`, `slug`, `citrix`, `sigma`, `created_on`, `updated_on`, `is_deleted`) VALUES (26, 2, 'Doble Grado en Ciencias Políticas / Relaciones Internacionales + Periodismo', 5, 'A', 384, 'P', 'doble-ciencias-politicas-periodismo', 'NULL', NULL, NULL, NULL, 0);
INSERT INTO `titulaciones` (`id`, `tipo_titulacion_id`, `nombre`, `duracion`, `duracion_tipo`, `creditos`, `modalidad`, `slug`, `citrix`, `sigma`, `created_on`, `updated_on`, `is_deleted`) VALUES (27, 2, 'Doble Grado en Ciencias Políticas / Relaciones Internacionales + Publicidad y Relaciones Públicas', 5, 'A', 397.5, 'P', 'doble-ciencias-politicas-publicidad-rrpp', 'NULL', NULL, NULL, NULL, 0);
INSERT INTO `titulaciones` (`id`, `tipo_titulacion_id`, `nombre`, `duracion`, `duracion_tipo`, `creditos`, `modalidad`, `slug`, `citrix`, `sigma`, `created_on`, `updated_on`, `is_deleted`) VALUES (28, 2, 'Doble Grado en Comunicación Audiovisual + Periodismo', 5, 'A', 354, 'P', 'doble-comunicacion-audiovisual-periodismo', 'NULL', NULL, NULL, NULL, 0);
INSERT INTO `titulaciones` (`id`, `tipo_titulacion_id`, `nombre`, `duracion`, `duracion_tipo`, `creditos`, `modalidad`, `slug`, `citrix`, `sigma`, `created_on`, `updated_on`, `is_deleted`) VALUES (29, 2, 'Doble Grado en Comunicación Audiovisual + Publicidad y Relaciones Públicas', 5, 'A', 354, 'P', 'doble-comunicacion-audiovisual-publicidad-rrpp', 'NULL', NULL, NULL, NULL, 0);
INSERT INTO `titulaciones` (`id`, `tipo_titulacion_id`, `nombre`, `duracion`, `duracion_tipo`, `creditos`, `modalidad`, `slug`, `citrix`, `sigma`, `created_on`, `updated_on`, `is_deleted`) VALUES (30, 2, 'Doble Grado en Derecho + Ciencias Políticas / Relaciones Internacionales', 5, 'A', 370.5, 'P', 'doble-derecho-ciencias-politicas', 'NULL', NULL, NULL, NULL, 0);
INSERT INTO `titulaciones` (`id`, `tipo_titulacion_id`, `nombre`, `duracion`, `duracion_tipo`, `creditos`, `modalidad`, `slug`, `citrix`, `sigma`, `created_on`, `updated_on`, `is_deleted`) VALUES (31, 2, 'Doble Grado en Derecho + Dirección de Empresas', 5, 'A', 420, 'P', 'doble-derecho-direccion-empresas', 'NULL', NULL, NULL, NULL, 0);
INSERT INTO `titulaciones` (`id`, `tipo_titulacion_id`, `nombre`, `duracion`, `duracion_tipo`, `creditos`, `modalidad`, `slug`, `citrix`, `sigma`, `created_on`, `updated_on`, `is_deleted`) VALUES (32, 2, 'Doble Grado en Dirección de Empresas + Derecho', 5, 'A', 417, 'P', 'doble-direccion-empresas-derecho', 'NULL', NULL, NULL, NULL, 0);
INSERT INTO `titulaciones` (`id`, `tipo_titulacion_id`, `nombre`, `duracion`, `duracion_tipo`, `creditos`, `modalidad`, `slug`, `citrix`, `sigma`, `created_on`, `updated_on`, `is_deleted`) VALUES (33, 2, 'Doble Grado en Dirección de Empresas + Marketing', 5, 'A', 312, 'P', 'doble-direccion-empresas-marketing', 'NULL', NULL, NULL, NULL, 0);
INSERT INTO `titulaciones` (`id`, `tipo_titulacion_id`, `nombre`, `duracion`, `duracion_tipo`, `creditos`, `modalidad`, `slug`, `citrix`, `sigma`, `created_on`, `updated_on`, `is_deleted`) VALUES (34, 2, 'Doble Grado en Educación Infantil + Educación Primaria', 5, 'A', 312, 'P', 'doble-educacion-infantil-primaria', 'NULL', NULL, NULL, NULL, 0);
INSERT INTO `titulaciones` (`id`, `tipo_titulacion_id`, `nombre`, `duracion`, `duracion_tipo`, `creditos`, `modalidad`, `slug`, `citrix`, `sigma`, `created_on`, `updated_on`, `is_deleted`) VALUES (35, 2, 'Doble Grado en Educación Primaria + Educación Infantil', 5, 'A', 316, 'P', 'doble-educacion-primaria-infantil', 'NULL', NULL, NULL, NULL, 0);
INSERT INTO `titulaciones` (`id`, `tipo_titulacion_id`, `nombre`, `duracion`, `duracion_tipo`, `creditos`, `modalidad`, `slug`, `citrix`, `sigma`, `created_on`, `updated_on`, `is_deleted`) VALUES (36, 2, 'Doble Grado en Fisioterapia + Enfermería', 5, 'A', 411, 'P', 'doble-fisioterapia-enfermeria', 'NULL', NULL, NULL, NULL, 0);
INSERT INTO `titulaciones` (`id`, `tipo_titulacion_id`, `nombre`, `duracion`, `duracion_tipo`, `creditos`, `modalidad`, `slug`, `citrix`, `sigma`, `created_on`, `updated_on`, `is_deleted`) VALUES (37, 2, 'Doble Grado en Marketing + Publicidad y Relaciones Públicas', 5, 'A', 396, 'P', 'doble-marketing-publicidad-rrpp', 'NULL', NULL, NULL, NULL, 0);
INSERT INTO `titulaciones` (`id`, `tipo_titulacion_id`, `nombre`, `duracion`, `duracion_tipo`, `creditos`, `modalidad`, `slug`, `citrix`, `sigma`, `created_on`, `updated_on`, `is_deleted`) VALUES (38, 2, 'Doble Grado en Periodismo + Ciencias Políticas / Relaciones Internacionales', 5, 'A', 397.5, 'P', 'doble-periodismo-ciencias-politicas', 'NULL', NULL, NULL, NULL, 0);
INSERT INTO `titulaciones` (`id`, `tipo_titulacion_id`, `nombre`, `duracion`, `duracion_tipo`, `creditos`, `modalidad`, `slug`, `citrix`, `sigma`, `created_on`, `updated_on`, `is_deleted`) VALUES (39, 2, 'Doble Grado en Periodismo + Comunicación Audiovisual', 5, 'A', 354, 'P', 'doble-periodismo-comunicacion-audiovisual', 'NULL', NULL, NULL, NULL, 0);
INSERT INTO `titulaciones` (`id`, `tipo_titulacion_id`, `nombre`, `duracion`, `duracion_tipo`, `creditos`, `modalidad`, `slug`, `citrix`, `sigma`, `created_on`, `updated_on`, `is_deleted`) VALUES (40, 2, 'Doble Grado en Periodismo + Publicidad y Relaciones Públicas', 5, 'A', 354, 'P', 'doble-periodismo-publicidad-rrpp', 'NULL', NULL, NULL, NULL, 0);
INSERT INTO `titulaciones` (`id`, `tipo_titulacion_id`, `nombre`, `duracion`, `duracion_tipo`, `creditos`, `modalidad`, `slug`, `citrix`, `sigma`, `created_on`, `updated_on`, `is_deleted`) VALUES (41, 2, 'Doble Grado en Publicidad y Relaciones Públicas + Comunicación Audiovisual', 5, 'A', 354, 'P', 'doble-publicidad-rrpp-comunicacion-audiovisual', 'NULL', NULL, NULL, NULL, 0);
INSERT INTO `titulaciones` (`id`, `tipo_titulacion_id`, `nombre`, `duracion`, `duracion_tipo`, `creditos`, `modalidad`, `slug`, `citrix`, `sigma`, `created_on`, `updated_on`, `is_deleted`) VALUES (42, 2, 'Doble Grado en Publicidad y Relaciones Públicas + Marketing', 5, 'A', 396, 'P', 'doble-publicidad-rrpp-marketing', 'NULL', NULL, NULL, NULL, 0);
INSERT INTO `titulaciones` (`id`, `tipo_titulacion_id`, `nombre`, `duracion`, `duracion_tipo`, `creditos`, `modalidad`, `slug`, `citrix`, `sigma`, `created_on`, `updated_on`, `is_deleted`) VALUES (43, 2, 'Doble Grado en Publicidad y Relaciones Públicas + Periodismo', 5, 'A', 354, 'P', 'doble-publicidad-rrpp-periodismo', 'NULL', NULL, NULL, NULL, 0);
INSERT INTO `titulaciones` (`id`, `tipo_titulacion_id`, `nombre`, `duracion`, `duracion_tipo`, `creditos`, `modalidad`, `slug`, `citrix`, `sigma`, `created_on`, `updated_on`, `is_deleted`) VALUES (44, 1, 'Grado en Ciencias de la Actividad Física y del Deporte', 4, 'A', 240, 'P', 'ciencias-actividad-fisica-deporte', 'NULL', NULL, NULL, NULL, 0);
INSERT INTO `titulaciones` (`id`, `tipo_titulacion_id`, `nombre`, `duracion`, `duracion_tipo`, `creditos`, `modalidad`, `slug`, `citrix`, `sigma`, `created_on`, `updated_on`, `is_deleted`) VALUES (45, 1, 'Grado en Ciencias Políticas / Relaciones Internacionales', 4, 'A', 240, 'P', 'ciencias-politicas-relaciones-internacionales', 'NULL', NULL, NULL, NULL, 0);
INSERT INTO `titulaciones` (`id`, `tipo_titulacion_id`, `nombre`, `duracion`, `duracion_tipo`, `creditos`, `modalidad`, `slug`, `citrix`, `sigma`, `created_on`, `updated_on`, `is_deleted`) VALUES (46, 1, 'Grado en Comunicación Audiovisual', 4, 'A', 240, 'P', 'comunicacion-audiovisual', 'NULL', NULL, NULL, NULL, 0);
INSERT INTO `titulaciones` (`id`, `tipo_titulacion_id`, `nombre`, `duracion`, `duracion_tipo`, `creditos`, `modalidad`, `slug`, `citrix`, `sigma`, `created_on`, `updated_on`, `is_deleted`) VALUES (47, 1, 'Grado en Derecho', 4, 'A', 240, 'P', 'derecho', 'NULL', NULL, NULL, NULL, 0);
INSERT INTO `titulaciones` (`id`, `tipo_titulacion_id`, `nombre`, `duracion`, `duracion_tipo`, `creditos`, `modalidad`, `slug`, `citrix`, `sigma`, `created_on`, `updated_on`, `is_deleted`) VALUES (48, 1, 'Grado en Dirección de Empresas', 4, 'A', 240, 'P', 'direccion-empresas', 'NULL', NULL, NULL, NULL, 0);
INSERT INTO `titulaciones` (`id`, `tipo_titulacion_id`, `nombre`, `duracion`, `duracion_tipo`, `creditos`, `modalidad`, `slug`, `citrix`, `sigma`, `created_on`, `updated_on`, `is_deleted`) VALUES (49, 1, 'Grado en Dirección de Empresas + European Business Programme (FH Münster)', 4, 'A', 264, 'P', 'direccion-empresas-european-business-programme', 'NULL', NULL, NULL, NULL, 0);
INSERT INTO `titulaciones` (`id`, `tipo_titulacion_id`, `nombre`, `duracion`, `duracion_tipo`, `creditos`, `modalidad`, `slug`, `citrix`, `sigma`, `created_on`, `updated_on`, `is_deleted`) VALUES (50, 1, 'Grado en Educación Infantil', 4, 'A', 240, 'P', 'educacion-infantil', 'NULL', NULL, NULL, NULL, 0);
INSERT INTO `titulaciones` (`id`, `tipo_titulacion_id`, `nombre`, `duracion`, `duracion_tipo`, `creditos`, `modalidad`, `slug`, `citrix`, `sigma`, `created_on`, `updated_on`, `is_deleted`) VALUES (51, 1, 'Grado en Educación Primaria', 4, 'A', 240, 'P', 'educacion-primaria', 'NULL', NULL, NULL, NULL, 0);
INSERT INTO `titulaciones` (`id`, `tipo_titulacion_id`, `nombre`, `duracion`, `duracion_tipo`, `creditos`, `modalidad`, `slug`, `citrix`, `sigma`, `created_on`, `updated_on`, `is_deleted`) VALUES (52, 1, 'Grado en Enfermería', 4, 'A', 240, 'P', 'enfermeria', 'NULL', NULL, NULL, NULL, 0);
INSERT INTO `titulaciones` (`id`, `tipo_titulacion_id`, `nombre`, `duracion`, `duracion_tipo`, `creditos`, `modalidad`, `slug`, `citrix`, `sigma`, `created_on`, `updated_on`, `is_deleted`) VALUES (53, 1, 'Grado en Farmacia', 5, 'A', 300, 'P', 'farmacia', 'NULL', NULL, NULL, NULL, 0);
INSERT INTO `titulaciones` (`id`, `tipo_titulacion_id`, `nombre`, `duracion`, `duracion_tipo`, `creditos`, `modalidad`, `slug`, `citrix`, `sigma`, `created_on`, `updated_on`, `is_deleted`) VALUES (54, 1, 'Grado en Fisioterapia', 4, 'A', 240, 'P', 'fisioterapia', 'NULL', NULL, NULL, NULL, 0);
INSERT INTO `titulaciones` (`id`, `tipo_titulacion_id`, `nombre`, `duracion`, `duracion_tipo`, `creditos`, `modalidad`, `slug`, `citrix`, `sigma`, `created_on`, `updated_on`, `is_deleted`) VALUES (55, 1, 'Grado en Gastronomía', 4, 'A', 240, 'P', 'gastronomia', 'NULL', NULL, NULL, NULL, 0);
INSERT INTO `titulaciones` (`id`, `tipo_titulacion_id`, `nombre`, `duracion`, `duracion_tipo`, `creditos`, `modalidad`, `slug`, `citrix`, `sigma`, `created_on`, `updated_on`, `is_deleted`) VALUES (56, 1, 'Grado en Ingeniería de Diseño Industrial y Desarrollo de Productos', 4, 'A', 240, 'P', 'ingenieria-diseno-industrial-desarrollo-productos', 'NULL', NULL, NULL, NULL, 0);
INSERT INTO `titulaciones` (`id`, `tipo_titulacion_id`, `nombre`, `duracion`, `duracion_tipo`, `creditos`, `modalidad`, `slug`, `citrix`, `sigma`, `created_on`, `updated_on`, `is_deleted`) VALUES (57, 1, 'Grado en Marketing', 4, 'A', 240, 'P', 'marketing', 'NULL', NULL, NULL, NULL, 0);
INSERT INTO `titulaciones` (`id`, `tipo_titulacion_id`, `nombre`, `duracion`, `duracion_tipo`, `creditos`, `modalidad`, `slug`, `citrix`, `sigma`, `created_on`, `updated_on`, `is_deleted`) VALUES (58, 1, 'Grado en Medicina', 6, 'A', 360, 'P', 'medicina', 'NULL', NULL, NULL, NULL, 0);
INSERT INTO `titulaciones` (`id`, `tipo_titulacion_id`, `nombre`, `duracion`, `duracion_tipo`, `creditos`, `modalidad`, `slug`, `citrix`, `sigma`, `created_on`, `updated_on`, `is_deleted`) VALUES (59, 1, 'Grado en Nutrición Humana y Dietética', 4, 'A', 240, 'P', 'nutricion-humana-dietetica', 'NULL', NULL, NULL, NULL, 0);
INSERT INTO `titulaciones` (`id`, `tipo_titulacion_id`, `nombre`, `duracion`, `duracion_tipo`, `creditos`, `modalidad`, `slug`, `citrix`, `sigma`, `created_on`, `updated_on`, `is_deleted`) VALUES (60, 1, 'Grado en Nutrición Humana y Dietética (para titulados en Farmacia)', 2, 'A', 126, 'P', 'nutricion-humana-dietetica-titulados-farmacia', 'NULL', NULL, NULL, NULL, 0);
INSERT INTO `titulaciones` (`id`, `tipo_titulacion_id`, `nombre`, `duracion`, `duracion_tipo`, `creditos`, `modalidad`, `slug`, `citrix`, `sigma`, `created_on`, `updated_on`, `is_deleted`) VALUES (61, 1, 'Grado en Odontología', 5, 'A', 300, 'P', 'odontologia', 'NULL', NULL, NULL, NULL, 0);
INSERT INTO `titulaciones` (`id`, `tipo_titulacion_id`, `nombre`, `duracion`, `duracion_tipo`, `creditos`, `modalidad`, `slug`, `citrix`, `sigma`, `created_on`, `updated_on`, `is_deleted`) VALUES (62, 1, 'Grado en Óptica y Optometría', 4, 'A', 240, 'P', 'optica-optometria', 'NULL', NULL, NULL, NULL, 0);
INSERT INTO `titulaciones` (`id`, `tipo_titulacion_id`, `nombre`, `duracion`, `duracion_tipo`, `creditos`, `modalidad`, `slug`, `citrix`, `sigma`, `created_on`, `updated_on`, `is_deleted`) VALUES (63, 1, 'Grado en Periodismo', 4, 'A', 240, 'P', 'periodismo', 'NULL', NULL, NULL, NULL, 0);
INSERT INTO `titulaciones` (`id`, `tipo_titulacion_id`, `nombre`, `duracion`, `duracion_tipo`, `creditos`, `modalidad`, `slug`, `citrix`, `sigma`, `created_on`, `updated_on`, `is_deleted`) VALUES (64, 1, 'Grado en Publicidad y Relaciones Públicas', 4, 'A', 240, 'P', 'publicidad-relaciones-publicas', 'NULL', NULL, NULL, NULL, 0);
INSERT INTO `titulaciones` (`id`, `tipo_titulacion_id`, `nombre`, `duracion`, `duracion_tipo`, `creditos`, `modalidad`, `slug`, `citrix`, `sigma`, `created_on`, `updated_on`, `is_deleted`) VALUES (65, 1, 'Grado en Veterinaria', 5, 'A', 300, 'P', 'veterinaria', 'NULL', NULL, NULL, NULL, 0);
INSERT INTO `titulaciones` (`id`, `tipo_titulacion_id`, `nombre`, `duracion`, `duracion_tipo`, `creditos`, `modalidad`, `slug`, `citrix`, `sigma`, `created_on`, `updated_on`, `is_deleted`) VALUES (66, 4, 'Máster de Formación Permanente en Dirección Bursátil y Financiera', 9, 'M', 60, 'P', 'master-propio-bursatil-financiero', 'NULL', NULL, NULL, NULL, 0);
INSERT INTO `titulaciones` (`id`, `tipo_titulacion_id`, `nombre`, `duracion`, `duracion_tipo`, `creditos`, `modalidad`, `slug`, `citrix`, `sigma`, `created_on`, `updated_on`, `is_deleted`) VALUES (67, 4, 'Máster de Formación Permanente en Dirección y Monitorización de Ensayos Clínicos', 1, 'A', 60, 'P', 'master-propio-direccion-monitorizacion-ensayos-clinicos', 'NULL', NULL, NULL, NULL, 0);
INSERT INTO `titulaciones` (`id`, `tipo_titulacion_id`, `nombre`, `duracion`, `duracion_tipo`, `creditos`, `modalidad`, `slug`, `citrix`, `sigma`, `created_on`, `updated_on`, `is_deleted`) VALUES (68, 4, 'Máster de Formación Permanente en Endodoncia', 10, 'M', 60, 'P', 'master-propio-odontologia-conservadora-endodoncia', 'NULL', NULL, NULL, NULL, 0);
INSERT INTO `titulaciones` (`id`, `tipo_titulacion_id`, `nombre`, `duracion`, `duracion_tipo`, `creditos`, `modalidad`, `slug`, `citrix`, `sigma`, `created_on`, `updated_on`, `is_deleted`) VALUES (69, 4, 'Máster de Formación Permanente en Especialización en Ortodoncia', 1, 'A', 60, 'P', 'master-propio-especializacion-ortodoncia', 'NULL', NULL, NULL, NULL, 0);
INSERT INTO `titulaciones` (`id`, `tipo_titulacion_id`, `nombre`, `duracion`, `duracion_tipo`, `creditos`, `modalidad`, `slug`, `citrix`, `sigma`, `created_on`, `updated_on`, `is_deleted`) VALUES (70, 4, 'Máster de Formación Permanente en Especialización en Prótesis Avanzada', 10, 'M', 60, 'P', 'master-propio-especializacion-protesis-avanzada', 'NULL', NULL, NULL, NULL, 0);
INSERT INTO `titulaciones` (`id`, `tipo_titulacion_id`, `nombre`, `duracion`, `duracion_tipo`, `creditos`, `modalidad`, `slug`, `citrix`, `sigma`, `created_on`, `updated_on`, `is_deleted`) VALUES (71, 4, 'Máster de Formación Permanente en Odontopediatría Integral', 2, 'A', 120, 'P', 'master-propio-odontopediatria-integral', 'NULL', NULL, NULL, NULL, 0);
INSERT INTO `titulaciones` (`id`, `tipo_titulacion_id`, `nombre`, `duracion`, `duracion_tipo`, `creditos`, `modalidad`, `slug`, `citrix`, `sigma`, `created_on`, `updated_on`, `is_deleted`) VALUES (72, 4, 'Máster Propio en Cirugía Bucal e Implantología Bucofacial', 3, 'A', 180, 'P', 'master-propio-cirugia-bucal-implantologia-bucofacial', 'NULL', NULL, NULL, NULL, 0);
INSERT INTO `titulaciones` (`id`, `tipo_titulacion_id`, `nombre`, `duracion`, `duracion_tipo`, `creditos`, `modalidad`, `slug`, `citrix`, `sigma`, `created_on`, `updated_on`, `is_deleted`) VALUES (73, 3, 'Máster Universitario en Abogacía', 14, 'M', 90, 'P', 'master-universitario-abogacia', 'NULL', NULL, NULL, NULL, 0);
INSERT INTO `titulaciones` (`id`, `tipo_titulacion_id`, `nombre`, `duracion`, `duracion_tipo`, `creditos`, `modalidad`, `slug`, `citrix`, `sigma`, `created_on`, `updated_on`, `is_deleted`) VALUES (74, 3, 'Máster Universitario en Abogacía + Máster en Formación Permanente en Derecho Internacional de los Negocios', 14, 'M', 120, 'P', 'master-universitario-abogacia-derecho-internacional-negocios', 'NULL', NULL, NULL, NULL, 0);
INSERT INTO `titulaciones` (`id`, `tipo_titulacion_id`, `nombre`, `duracion`, `duracion_tipo`, `creditos`, `modalidad`, `slug`, `citrix`, `sigma`, `created_on`, `updated_on`, `is_deleted`) VALUES (75, 3, 'Máster Universitario en Arquitectura', 1, 'A', 60, 'P', 'master-universitario-arquitectura', 'NULL', NULL, NULL, NULL, 0);
INSERT INTO `titulaciones` (`id`, `tipo_titulacion_id`, `nombre`, `duracion`, `duracion_tipo`, `creditos`, `modalidad`, `slug`, `citrix`, `sigma`, `created_on`, `updated_on`, `is_deleted`) VALUES (76, 3, 'Máster Universitario en Diseño de Interiores', 10, 'M', 60, 'P', 'master-universitario-diseno-interiores', 'NULL', NULL, NULL, NULL, 0);
INSERT INTO `titulaciones` (`id`, `tipo_titulacion_id`, `nombre`, `duracion`, `duracion_tipo`, `creditos`, `modalidad`, `slug`, `citrix`, `sigma`, `created_on`, `updated_on`, `is_deleted`) VALUES (77, 3, 'Máster Universitario en Diseño de Producto', 10, 'M', 60, 'P', 'master-universitario-diseno-producto', 'NULL', NULL, NULL, NULL, 0);
INSERT INTO `titulaciones` (`id`, `tipo_titulacion_id`, `nombre`, `duracion`, `duracion_tipo`, `creditos`, `modalidad`, `slug`, `citrix`, `sigma`, `created_on`, `updated_on`, `is_deleted`) VALUES (78, 3, 'Máster Universitario en Diseño y Comunicación Gráfica', 10, 'M', 60, 'P', 'master-universitario-diseno-comunicacion-grafica', 'NULL', NULL, NULL, NULL, 0);
INSERT INTO `titulaciones` (`id`, `tipo_titulacion_id`, `nombre`, `duracion`, `duracion_tipo`, `creditos`, `modalidad`, `slug`, `citrix`, `sigma`, `created_on`, `updated_on`, `is_deleted`) VALUES (79, 3, 'Máster Universitario en Educación Bilingüe. Inglés y Español', 1, 'A', 60, 'P', 'master-universitario-educacion-bilingue-ingles-espanol', 'NULL', NULL, NULL, NULL, 0);
INSERT INTO `titulaciones` (`id`, `tipo_titulacion_id`, `nombre`, `duracion`, `duracion_tipo`, `creditos`, `modalidad`, `slug`, `citrix`, `sigma`, `created_on`, `updated_on`, `is_deleted`) VALUES (80, 3, 'Máster Universitario en Especialización en Cuidados de Enfermería', 1, 'A', 60, 'P', 'master-universitario-especializacion-cuidados-enfermeria', 'NULL', NULL, NULL, NULL, 0);
INSERT INTO `titulaciones` (`id`, `tipo_titulacion_id`, `nombre`, `duracion`, `duracion_tipo`, `creditos`, `modalidad`, `slug`, `citrix`, `sigma`, `created_on`, `updated_on`, `is_deleted`) VALUES (81, 3, 'Máster Universitario en Fisioterapia Deportiva', 1, 'A', 60, 'P', 'master-universitario-fisioterapia-deportiva', 'NULL', NULL, NULL, NULL, 0);
INSERT INTO `titulaciones` (`id`, `tipo_titulacion_id`, `nombre`, `duracion`, `duracion_tipo`, `creditos`, `modalidad`, `slug`, `citrix`, `sigma`, `created_on`, `updated_on`, `is_deleted`) VALUES (82, 3, 'Máster Universitario en Formación del Profesorado de Educación Secundaria Obligatoria y Bachillerato, Formación Profesional y Enseñanzas de Idiomas', 1, 'A', 60, 'P', 'master-universitario-profesorado-eso', 'NULL', NULL, NULL, NULL, 0);
INSERT INTO `titulaciones` (`id`, `tipo_titulacion_id`, `nombre`, `duracion`, `duracion_tipo`, `creditos`, `modalidad`, `slug`, `citrix`, `sigma`, `created_on`, `updated_on`, `is_deleted`) VALUES (83, 3, 'Máster Universitario en Gestión Ambiental', 1, 'A', 60, 'P', 'master-universitario-gestion-ambiental', 'NULL', NULL, NULL, NULL, 0);
INSERT INTO `titulaciones` (`id`, `tipo_titulacion_id`, `nombre`, `duracion`, `duracion_tipo`, `creditos`, `modalidad`, `slug`, `citrix`, `sigma`, `created_on`, `updated_on`, `is_deleted`) VALUES (84, 3, 'Máster Universitario en Gestión de Instalaciones Energéticas e Internacionalización de Proyectos', 1, 'A', 60, 'P', 'master-universitario-gestion-instalaciones-energeticas-internacionalizacion-proyectos', 'NULL', NULL, NULL, NULL, 0);
INSERT INTO `titulaciones` (`id`, `tipo_titulacion_id`, `nombre`, `duracion`, `duracion_tipo`, `creditos`, `modalidad`, `slug`, `citrix`, `sigma`, `created_on`, `updated_on`, `is_deleted`) VALUES (85, 3, 'Máster Universitario en Gestión de Proyectos e Instalaciones Energéticas', 1, 'A', 60, 'P', 'master-universitario-gestion-proyectos-instalaciones-energeticas', 'NULL', NULL, NULL, NULL, 0);
INSERT INTO `titulaciones` (`id`, `tipo_titulacion_id`, `nombre`, `duracion`, `duracion_tipo`, `creditos`, `modalidad`, `slug`, `citrix`, `sigma`, `created_on`, `updated_on`, `is_deleted`) VALUES (86, 3, 'Máster Universitario en Gestión y Dirección de Centros Educativos', 1, 'A', 60, 'P', 'master-universitario-gestion-direccion-centros-educativos', 'NULL', NULL, NULL, NULL, 0);
INSERT INTO `titulaciones` (`id`, `tipo_titulacion_id`, `nombre`, `duracion`, `duracion_tipo`, `creditos`, `modalidad`, `slug`, `citrix`, `sigma`, `created_on`, `updated_on`, `is_deleted`) VALUES (87, 3, 'Máster Universitario en Ortodoncia y Ortopedia Dentofacial', 2, 'A', 120, 'P', 'master-universitario-ortodoncia-ortopedia-dentofacial', 'NULL', NULL, NULL, NULL, 0);
INSERT INTO `titulaciones` (`id`, `tipo_titulacion_id`, `nombre`, `duracion`, `duracion_tipo`, `creditos`, `modalidad`, `slug`, `citrix`, `sigma`, `created_on`, `updated_on`, `is_deleted`) VALUES (88, 3, 'Máster Universitario en Psicología General Sanitaria', 18, 'M', 90, 'P', 'master-universitario-psicologia-general-sanitaria', 'NULL', NULL, NULL, NULL, 0);
INSERT INTO `titulaciones` (`id`, `tipo_titulacion_id`, `nombre`, `duracion`, `duracion_tipo`, `creditos`, `modalidad`, `slug`, `citrix`, `sigma`, `created_on`, `updated_on`, `is_deleted`) VALUES (89, 3, 'Máster Universitario en Psicología Jurídica y Práctica Forense', 1, 'A', 60, 'P', 'master-universitario-psicologia-juridica-practica-forense', 'NULL', NULL, NULL, NULL, 0);
INSERT INTO `titulaciones` (`id`, `tipo_titulacion_id`, `nombre`, `duracion`, `duracion_tipo`, `creditos`, `modalidad`, `slug`, `citrix`, `sigma`, `created_on`, `updated_on`, `is_deleted`) VALUES (90, 3, 'Máster Universitario en Seguridad Alimentaria', 1, 'A', 60, 'P', 'master-universitario-seguridad-alimentaria', 'NULL', NULL, NULL, NULL, 0);
INSERT INTO `titulaciones` (`id`, `tipo_titulacion_id`, `nombre`, `duracion`, `duracion_tipo`, `creditos`, `modalidad`, `slug`, `citrix`, `sigma`, `created_on`, `updated_on`, `is_deleted`) VALUES (91, 3, 'Máster Universitario en Técnicas Avanzadas Estéticas y Láser', 1, 'A', 60, 'P', 'master-universitario-tecnicas-avanzadas-esteticas-laser', 'NULL', NULL, NULL, NULL, 0);
INSERT INTO `titulaciones` (`id`, `tipo_titulacion_id`, `nombre`, `duracion`, `duracion_tipo`, `creditos`, `modalidad`, `slug`, `citrix`, `sigma`, `created_on`, `updated_on`, `is_deleted`) VALUES (92, 3, 'Máster Universitario en Técnicas Osteopáticas del Aparato Locomotor', 1, 'A', 60, 'P', 'master-universitario-tecnicas-osteopaticas-aparato-locomotor', 'NULL', NULL, NULL, NULL, 0);
INSERT INTO `titulaciones` (`id`, `tipo_titulacion_id`, `nombre`, `duracion`, `duracion_tipo`, `creditos`, `modalidad`, `slug`, `citrix`, `sigma`, `created_on`, `updated_on`, `is_deleted`) VALUES (93, 4, 'Master\'s Degree in Endodontics', 10, 'M', 60, 'P', 'masters-degree-endodontics', 'NULL', NULL, NULL, NULL, 0);
INSERT INTO `titulaciones` (`id`, `tipo_titulacion_id`, `nombre`, `duracion`, `duracion_tipo`, `creditos`, `modalidad`, `slug`, `citrix`, `sigma`, `created_on`, `updated_on`, `is_deleted`) VALUES (94, 4, 'Master\'s Degree in Specialization in Orthodontics ', 1, 'A', 60, 'P', 'masters-degree-orthodontics', 'NULL', NULL, NULL, NULL, 0);
INSERT INTO `titulaciones` (`id`, `tipo_titulacion_id`, `nombre`, `duracion`, `duracion_tipo`, `creditos`, `modalidad`, `slug`, `citrix`, `sigma`, `created_on`, `updated_on`, `is_deleted`) VALUES (95, 1, 'Medicine (Grado en Medicina)', 6, 'A', 360, 'P', 'medicine', 'NULL', NULL, NULL, NULL, 0);
INSERT INTO `titulaciones` (`id`, `tipo_titulacion_id`, `nombre`, `duracion`, `duracion_tipo`, `creditos`, `modalidad`, `slug`, `citrix`, `sigma`, `created_on`, `updated_on`, `is_deleted`) VALUES (96, 4, 'MERCURI European Master in Customer Relationship Management', 2, 'A', 120, 'P', 'european-master-customer-relationship-management', 'NULL', NULL, NULL, NULL, 0);
INSERT INTO `titulaciones` (`id`, `tipo_titulacion_id`, `nombre`, `duracion`, `duracion_tipo`, `creditos`, `modalidad`, `slug`, `citrix`, `sigma`, `created_on`, `updated_on`, `is_deleted`) VALUES (97, 4, 'Programa de Formación Avanzada en Gestión de Riesgos y Seguros', 7, 'M', 15, 'P', 'curso-superior-gestion-riesgos-seguros', 'NULL', NULL, NULL, NULL, 0);
INSERT INTO `titulaciones` (`id`, `tipo_titulacion_id`, `nombre`, `duracion`, `duracion_tipo`, `creditos`, `modalidad`, `slug`, `citrix`, `sigma`, `created_on`, `updated_on`, `is_deleted`) VALUES (98, 1, 'Spanish Pathway to Nursing (Grado en Enfermería)', 4, 'A', 240, 'P', 'spanish-pathway-nursing', 'NULL', NULL, NULL, NULL, 0);
COMMIT;


START TRANSACTION;
INSERT INTO `titulacion_idiomas` (`id`, `titulacion_id`, `nombre`, `idioma`, `slug`, `created_on`, `updated_on`, `is_deleted`) VALUES (1, 55, 'Gastronomy', 'en', 'gastronomy', NULL, NULL, 0);
COMMIT;


START TRANSACTION;
INSERT INTO `planes_estudios` (`id`, `titulacion_id`, `ciclo_lectivo`, `created_on`, `updated_on`, `is_deleted`) VALUES (1, 55, 2023, NULL, NULL, 0);
COMMIT;


START TRANSACTION;
INSERT INTO `cursos` (`id`, `plan_estudio_id`, `curso`, `nombre`, `created_on`, `updated_on`, `is_deleted`) VALUES (1, 1, 1, '1º Año', NULL, NULL, 0);
INSERT INTO `cursos` (`id`, `plan_estudio_id`, `curso`, `nombre`, `created_on`, `updated_on`, `is_deleted`) VALUES (2, 1, 2, '2º Año', NULL, NULL, 0);
INSERT INTO `cursos` (`id`, `plan_estudio_id`, `curso`, `nombre`, `created_on`, `updated_on`, `is_deleted`) VALUES (3, 1, 3, '3º Año', NULL, NULL, 0);
INSERT INTO `cursos` (`id`, `plan_estudio_id`, `curso`, `nombre`, `created_on`, `updated_on`, `is_deleted`) VALUES (4, 1, 4, '4º Año', NULL, NULL, 0);
COMMIT;


START TRANSACTION;
INSERT INTO `asignaturas` (`id`, `nombre`, `creditos`, `citrix`, `sigma`, `parent_id`, `created_on`, `updated_on`, `is_deleted`) VALUES (1, 'Historia y Sociología de la Alimentación', 6, 'NULL', NULL, NULL, NULL, NULL, 0);
INSERT INTO `asignaturas` (`id`, `nombre`, `creditos`, `citrix`, `sigma`, `parent_id`, `created_on`, `updated_on`, `is_deleted`) VALUES (2, 'Instalaciones y Maquinaria en la Cocina', 6, 'NULL', NULL, NULL, NULL, NULL, 0);
INSERT INTO `asignaturas` (`id`, `nombre`, `creditos`, `citrix`, `sigma`, `parent_id`, `created_on`, `updated_on`, `is_deleted`) VALUES (3, 'Lengua Española (asignatura extracurricular)', 6, 'NULL', NULL, NULL, NULL, NULL, 0);
INSERT INTO `asignaturas` (`id`, `nombre`, `creditos`, `citrix`, `sigma`, `parent_id`, `created_on`, `updated_on`, `is_deleted`) VALUES (4, 'Fundamentos de Gastronomía', 8, 'NULL', NULL, NULL, NULL, NULL, 0);
INSERT INTO `asignaturas` (`id`, `nombre`, `creditos`, `citrix`, `sigma`, `parent_id`, `created_on`, `updated_on`, `is_deleted`) VALUES (5, 'Economía y Sociedad de Mercado', 6, 'NULL', NULL, NULL, NULL, NULL, 0);
INSERT INTO `asignaturas` (`id`, `nombre`, `creditos`, `citrix`, `sigma`, `parent_id`, `created_on`, `updated_on`, `is_deleted`) VALUES (6, 'Fundamentos de Comunicación Empresarial', 6, 'NULL', NULL, NULL, NULL, NULL, 0);
INSERT INTO `asignaturas` (`id`, `nombre`, `creditos`, `citrix`, `sigma`, `parent_id`, `created_on`, `updated_on`, `is_deleted`) VALUES (7, 'Materias Primas y Productos en la Cocina', 8, 'NULL', NULL, NULL, NULL, NULL, 0);
INSERT INTO `asignaturas` (`id`, `nombre`, `creditos`, `citrix`, `sigma`, `parent_id`, `created_on`, `updated_on`, `is_deleted`) VALUES (8, 'Lengua Española (asignatura extracurricular)', 6, 'NULL', NULL, NULL, NULL, NULL, 0);
INSERT INTO `asignaturas` (`id`, `nombre`, `creditos`, `citrix`, `sigma`, `parent_id`, `created_on`, `updated_on`, `is_deleted`) VALUES (9, 'Procesos de Producción culinarios', 8, 'NULL', NULL, NULL, NULL, NULL, 0);
INSERT INTO `asignaturas` (`id`, `nombre`, `creditos`, `citrix`, `sigma`, `parent_id`, `created_on`, `updated_on`, `is_deleted`) VALUES (10, 'Introducción al Marketing', 6, 'NULL', NULL, NULL, NULL, NULL, 0);
INSERT INTO `asignaturas` (`id`, `nombre`, `creditos`, `citrix`, `sigma`, `parent_id`, `created_on`, `updated_on`, `is_deleted`) VALUES (11, 'Contabilidad y Análisis financiero', 6, 'NULL', NULL, NULL, NULL, NULL, 0);
INSERT INTO `asignaturas` (`id`, `nombre`, `creditos`, `citrix`, `sigma`, `parent_id`, `created_on`, `updated_on`, `is_deleted`) VALUES (12, 'Química y Bioquímica de los alimentos', 6, 'NULL', NULL, NULL, NULL, NULL, 0);
INSERT INTO `asignaturas` (`id`, `nombre`, `creditos`, `citrix`, `sigma`, `parent_id`, `created_on`, `updated_on`, `is_deleted`) VALUES (13, 'Sistemas de gestión del trabajo culinario', 6, 'NULL', NULL, NULL, NULL, NULL, 0);
INSERT INTO `asignaturas` (`id`, `nombre`, `creditos`, `citrix`, `sigma`, `parent_id`, `created_on`, `updated_on`, `is_deleted`) VALUES (14, 'Técnicas y Producción en Repostería y Panificación', 6, 'NULL', NULL, NULL, NULL, NULL, 0);
INSERT INTO `asignaturas` (`id`, `nombre`, `creditos`, `citrix`, `sigma`, `parent_id`, `created_on`, `updated_on`, `is_deleted`) VALUES (15, 'Administración y gestión Gastronómica', 6, 'NULL', NULL, NULL, NULL, NULL, 0);
INSERT INTO `asignaturas` (`id`, `nombre`, `creditos`, `citrix`, `sigma`, `parent_id`, `created_on`, `updated_on`, `is_deleted`) VALUES (16, 'Inglés Avanzado', 5, 'NULL', NULL, NULL, NULL, NULL, 0);
INSERT INTO `asignaturas` (`id`, `nombre`, `creditos`, `citrix`, `sigma`, `parent_id`, `created_on`, `updated_on`, `is_deleted`) VALUES (17, 'Gastronomía Mediterránea.', 6, 'NULL', NULL, NULL, NULL, NULL, 0);
INSERT INTO `asignaturas` (`id`, `nombre`, `creditos`, `citrix`, `sigma`, `parent_id`, `created_on`, `updated_on`, `is_deleted`) VALUES (18, 'Microbiología aplicada', 3, 'NULL', NULL, NULL, NULL, NULL, 0);
INSERT INTO `asignaturas` (`id`, `nombre`, `creditos`, `citrix`, `sigma`, `parent_id`, `created_on`, `updated_on`, `is_deleted`) VALUES (19, 'Sumillería', 6, 'NULL', NULL, NULL, NULL, NULL, 0);
INSERT INTO `asignaturas` (`id`, `nombre`, `creditos`, `citrix`, `sigma`, `parent_id`, `created_on`, `updated_on`, `is_deleted`) VALUES (20, 'Innovación y Creación Gastronómica', 5, 'NULL', NULL, NULL, NULL, NULL, 0);
INSERT INTO `asignaturas` (`id`, `nombre`, `creditos`, `citrix`, `sigma`, `parent_id`, `created_on`, `updated_on`, `is_deleted`) VALUES (21, 'Fundamentos del Derecho Aplicado', 5, 'NULL', NULL, NULL, NULL, NULL, 0);
INSERT INTO `asignaturas` (`id`, `nombre`, `creditos`, `citrix`, `sigma`, `parent_id`, `created_on`, `updated_on`, `is_deleted`) VALUES (22, 'Psicología del Consumo', 6, 'NULL', NULL, NULL, NULL, NULL, 0);
INSERT INTO `asignaturas` (`id`, `nombre`, `creditos`, `citrix`, `sigma`, `parent_id`, `created_on`, `updated_on`, `is_deleted`) VALUES (23, 'Fundamentos de Nutrición y Dietética', 6, 'NULL', NULL, NULL, NULL, NULL, 0);
INSERT INTO `asignaturas` (`id`, `nombre`, `creditos`, `citrix`, `sigma`, `parent_id`, `created_on`, `updated_on`, `is_deleted`) VALUES (24, 'Gestión Turística y Hotelera', 6, 'NULL', NULL, NULL, NULL, NULL, 0);
INSERT INTO `asignaturas` (`id`, `nombre`, `creditos`, `citrix`, `sigma`, `parent_id`, `created_on`, `updated_on`, `is_deleted`) VALUES (25, 'Inglés aplicado', 5, 'NULL', NULL, NULL, NULL, NULL, 0);
INSERT INTO `asignaturas` (`id`, `nombre`, `creditos`, `citrix`, `sigma`, `parent_id`, `created_on`, `updated_on`, `is_deleted`) VALUES (26, 'Técnicas de vanguardia en gastronomía', 8, 'NULL', NULL, NULL, NULL, NULL, 0);
INSERT INTO `asignaturas` (`id`, `nombre`, `creditos`, `citrix`, `sigma`, `parent_id`, `created_on`, `updated_on`, `is_deleted`) VALUES (27, 'Control de Costes aplicado a la Gastronomía', 6, 'NULL', NULL, NULL, NULL, NULL, 0);
INSERT INTO `asignaturas` (`id`, `nombre`, `creditos`, `citrix`, `sigma`, `parent_id`, `created_on`, `updated_on`, `is_deleted`) VALUES (28, 'Sumillería y Gestión de Bodega', 6, 'NULL', NULL, NULL, NULL, NULL, 0);
INSERT INTO `asignaturas` (`id`, `nombre`, `creditos`, `citrix`, `sigma`, `parent_id`, `created_on`, `updated_on`, `is_deleted`) VALUES (29, 'Diseño de Eventos y Protocolo', 8, 'NULL', NULL, NULL, NULL, NULL, 0);
INSERT INTO `asignaturas` (`id`, `nombre`, `creditos`, `citrix`, `sigma`, `parent_id`, `created_on`, `updated_on`, `is_deleted`) VALUES (30, 'Modelos de Negocio y TIC’s en Gastronomía', 6, 'NULL', NULL, NULL, NULL, NULL, 0);
INSERT INTO `asignaturas` (`id`, `nombre`, `creditos`, `citrix`, `sigma`, `parent_id`, `created_on`, `updated_on`, `is_deleted`) VALUES (31, 'Prácticas', 9, 'NULL', NULL, NULL, NULL, NULL, 0);
INSERT INTO `asignaturas` (`id`, `nombre`, `creditos`, `citrix`, `sigma`, `parent_id`, `created_on`, `updated_on`, `is_deleted`) VALUES (32, 'Itinerario I / Itinerario II', 52, 'NULL', NULL, NULL, NULL, NULL, 0);
INSERT INTO `asignaturas` (`id`, `nombre`, `creditos`, `citrix`, `sigma`, `parent_id`, `created_on`, `updated_on`, `is_deleted`) VALUES (33, 'I+D en Ciencias Gastronómicas', 4, 'NULL', NULL, NULL, NULL, NULL, 0);
INSERT INTO `asignaturas` (`id`, `nombre`, `creditos`, `citrix`, `sigma`, `parent_id`, `created_on`, `updated_on`, `is_deleted`) VALUES (34, 'Emprendimiento aplicado a la Gastronomía. Start-up', 4, 'NULL', NULL, NULL, NULL, NULL, 0);
COMMIT;


START TRANSACTION;
INSERT INTO `asignatura_idiomas` (`id`, `asignatura_id`, `nombre`, `idioma`, `created_on`, `updated_on`, `is_deleted`) VALUES (1, 1, 'History and Sociology of Food', 'en', NULL, NULL, 0);
INSERT INTO `asignatura_idiomas` (`id`, `asignatura_id`, `nombre`, `idioma`, `created_on`, `updated_on`, `is_deleted`) VALUES (2, 2, 'Kitchen Equipment and Machinery', 'en', NULL, NULL, 0);
INSERT INTO `asignatura_idiomas` (`id`, `asignatura_id`, `nombre`, `idioma`, `created_on`, `updated_on`, `is_deleted`) VALUES (3, 3, 'Spanish Language (extracurricular subject)', 'en', NULL, NULL, 0);
INSERT INTO `asignatura_idiomas` (`id`, `asignatura_id`, `nombre`, `idioma`, `created_on`, `updated_on`, `is_deleted`) VALUES (4, 4, 'The Basics of Gastronomy', 'en', NULL, NULL, 0);
INSERT INTO `asignatura_idiomas` (`id`, `asignatura_id`, `nombre`, `idioma`, `created_on`, `updated_on`, `is_deleted`) VALUES (5, 5, 'Market Economy and Society', 'en', NULL, NULL, 0);
INSERT INTO `asignatura_idiomas` (`id`, `asignatura_id`, `nombre`, `idioma`, `created_on`, `updated_on`, `is_deleted`) VALUES (6, 6, 'The Basics of Business Communication', 'en', NULL, NULL, 0);
INSERT INTO `asignatura_idiomas` (`id`, `asignatura_id`, `nombre`, `idioma`, `created_on`, `updated_on`, `is_deleted`) VALUES (7, 7, 'Raw Materials and Products in the Kitchen', 'en', NULL, NULL, 0);
INSERT INTO `asignatura_idiomas` (`id`, `asignatura_id`, `nombre`, `idioma`, `created_on`, `updated_on`, `is_deleted`) VALUES (8, 8, 'Spanish Language (extracurricular subject)', 'en', NULL, NULL, 0);
INSERT INTO `asignatura_idiomas` (`id`, `asignatura_id`, `nombre`, `idioma`, `created_on`, `updated_on`, `is_deleted`) VALUES (9, 9, 'Culinary Production Processes', 'en', NULL, NULL, 0);
INSERT INTO `asignatura_idiomas` (`id`, `asignatura_id`, `nombre`, `idioma`, `created_on`, `updated_on`, `is_deleted`) VALUES (10, 10, 'Introduction to Marketing', 'en', NULL, NULL, 0);
INSERT INTO `asignatura_idiomas` (`id`, `asignatura_id`, `nombre`, `idioma`, `created_on`, `updated_on`, `is_deleted`) VALUES (11, 11, 'Accounting and Financial Analysis', 'en', NULL, NULL, 0);
INSERT INTO `asignatura_idiomas` (`id`, `asignatura_id`, `nombre`, `idioma`, `created_on`, `updated_on`, `is_deleted`) VALUES (12, 12, 'Food Chemistry and Biochemistry', 'en', NULL, NULL, 0);
INSERT INTO `asignatura_idiomas` (`id`, `asignatura_id`, `nombre`, `idioma`, `created_on`, `updated_on`, `is_deleted`) VALUES (13, 13, 'Culinary Management Systems in International Cuisine', 'en', NULL, NULL, 0);
INSERT INTO `asignatura_idiomas` (`id`, `asignatura_id`, `nombre`, `idioma`, `created_on`, `updated_on`, `is_deleted`) VALUES (14, 14, 'Patisserie and Bread Making Techniques and Production', 'en', NULL, NULL, 0);
INSERT INTO `asignatura_idiomas` (`id`, `asignatura_id`, `nombre`, `idioma`, `created_on`, `updated_on`, `is_deleted`) VALUES (15, 15, 'Gastronomic Administration and Management', 'en', NULL, NULL, 0);
INSERT INTO `asignatura_idiomas` (`id`, `asignatura_id`, `nombre`, `idioma`, `created_on`, `updated_on`, `is_deleted`) VALUES (16, 16, 'Advanced English', 'en', NULL, NULL, 0);
INSERT INTO `asignatura_idiomas` (`id`, `asignatura_id`, `nombre`, `idioma`, `created_on`, `updated_on`, `is_deleted`) VALUES (17, 17, 'Mediterranean Gastronomy', 'en', NULL, NULL, 0);
INSERT INTO `asignatura_idiomas` (`id`, `asignatura_id`, `nombre`, `idioma`, `created_on`, `updated_on`, `is_deleted`) VALUES (18, 18, 'Applied Microbiology', 'en', NULL, NULL, 0);
INSERT INTO `asignatura_idiomas` (`id`, `asignatura_id`, `nombre`, `idioma`, `created_on`, `updated_on`, `is_deleted`) VALUES (19, 19, 'Wines and Wine Tasting', 'en', NULL, NULL, 0);
INSERT INTO `asignatura_idiomas` (`id`, `asignatura_id`, `nombre`, `idioma`, `created_on`, `updated_on`, `is_deleted`) VALUES (20, 20, 'Innovation Techniques', 'en', NULL, NULL, 0);
INSERT INTO `asignatura_idiomas` (`id`, `asignatura_id`, `nombre`, `idioma`, `created_on`, `updated_on`, `is_deleted`) VALUES (21, 21, 'The Basics of Applied Law', 'en', NULL, NULL, 0);
INSERT INTO `asignatura_idiomas` (`id`, `asignatura_id`, `nombre`, `idioma`, `created_on`, `updated_on`, `is_deleted`) VALUES (22, 22, 'Psychology of Consumption', 'en', NULL, NULL, 0);
INSERT INTO `asignatura_idiomas` (`id`, `asignatura_id`, `nombre`, `idioma`, `created_on`, `updated_on`, `is_deleted`) VALUES (23, 23, 'The Basics of Nutrition and Dietetics', 'en', NULL, NULL, 0);
INSERT INTO `asignatura_idiomas` (`id`, `asignatura_id`, `nombre`, `idioma`, `created_on`, `updated_on`, `is_deleted`) VALUES (24, 24, 'Tourism and Hotel Management', 'en', NULL, NULL, 0);
INSERT INTO `asignatura_idiomas` (`id`, `asignatura_id`, `nombre`, `idioma`, `created_on`, `updated_on`, `is_deleted`) VALUES (25, 25, 'Applied English', 'en', NULL, NULL, 0);
INSERT INTO `asignatura_idiomas` (`id`, `asignatura_id`, `nombre`, `idioma`, `created_on`, `updated_on`, `is_deleted`) VALUES (26, 26, 'Cutting-Edge Techniques in International Cuisine and in the Industry', 'en', NULL, NULL, 0);
INSERT INTO `asignatura_idiomas` (`id`, `asignatura_id`, `nombre`, `idioma`, `created_on`, `updated_on`, `is_deleted`) VALUES (27, 27, 'Cost Control Applied to Gastronomy', 'en', NULL, NULL, 0);
INSERT INTO `asignatura_idiomas` (`id`, `asignatura_id`, `nombre`, `idioma`, `created_on`, `updated_on`, `is_deleted`) VALUES (28, 28, 'Wines and Wine Cellar Management', 'en', NULL, NULL, 0);
INSERT INTO `asignatura_idiomas` (`id`, `asignatura_id`, `nombre`, `idioma`, `created_on`, `updated_on`, `is_deleted`) VALUES (29, 29, 'Event Design and Protocol', 'en', NULL, NULL, 0);
INSERT INTO `asignatura_idiomas` (`id`, `asignatura_id`, `nombre`, `idioma`, `created_on`, `updated_on`, `is_deleted`) VALUES (30, 30, 'Business Models and ICT in Gastronomy', 'en', NULL, NULL, 0);
INSERT INTO `asignatura_idiomas` (`id`, `asignatura_id`, `nombre`, `idioma`, `created_on`, `updated_on`, `is_deleted`) VALUES (31, 31, 'Internship', 'en', NULL, NULL, 0);
INSERT INTO `asignatura_idiomas` (`id`, `asignatura_id`, `nombre`, `idioma`, `created_on`, `updated_on`, `is_deleted`) VALUES (32, 32, 'Track I / Track II', 'en', NULL, NULL, 0);
INSERT INTO `asignatura_idiomas` (`id`, `asignatura_id`, `nombre`, `idioma`, `created_on`, `updated_on`, `is_deleted`) VALUES (33, 33, 'R&D in Gastronomy and the Food Industry', 'en', NULL, NULL, 0);
INSERT INTO `asignatura_idiomas` (`id`, `asignatura_id`, `nombre`, `idioma`, `created_on`, `updated_on`, `is_deleted`) VALUES (34, 34, 'Entrepreneurship Applied to Gastronomy Start-up', 'en', NULL, NULL, 0);
COMMIT;

-- -----------------------------------------------------
-- Relaciones
-- -----------------------------------------------------

START TRANSACTION;
INSERT INTO `areas_titulaciones` (`id`, `area_id`, `titulacion_id`, `created_on`, `updated_on`, `is_deleted`) VALUES (1, 5, 1, NULL, NULL, 0);
COMMIT;

START TRANSACTION;
INSERT INTO `campus_facultades` (`id`, `campus_id`, `facultad_id`, `created_on`, `updated_on`, `is_deleted`) VALUES (1, 1, 1, NULL, NULL, NULL);
INSERT INTO `campus_facultades` (`id`, `campus_id`, `facultad_id`, `created_on`, `updated_on`, `is_deleted`) VALUES (2, 1, 2, NULL, NULL, NULL);
INSERT INTO `campus_facultades` (`id`, `campus_id`, `facultad_id`, `created_on`, `updated_on`, `is_deleted`) VALUES (3, 1, 3, NULL, NULL, NULL);
INSERT INTO `campus_facultades` (`id`, `campus_id`, `facultad_id`, `created_on`, `updated_on`, `is_deleted`) VALUES (4, 1, 4, NULL, NULL, NULL);
INSERT INTO `campus_facultades` (`id`, `campus_id`, `facultad_id`, `created_on`, `updated_on`, `is_deleted`) VALUES (5, 1, 5, NULL, NULL, NULL);
COMMIT;

START TRANSACTION;
INSERT INTO `campus_titulaciones` (`id`, `campus_id`, `titulacion_id`, `guid`, `plazas`, `url_calendario`, `url_horario`, `created_on`, `updated_on`, `is_deleted`) VALUES (1, 1, 1, NULL, 80, NULL, NULL, NULL, NULL, 0);
INSERT INTO `campus_titulaciones` (`id`, `campus_id`, `titulacion_id`, `guid`, `plazas`, `url_calendario`, `url_horario`, `created_on`, `updated_on`, `is_deleted`) VALUES (2, 2, 1, NULL, 80, NULL, NULL, NULL, NULL, 0);
INSERT INTO `campus_titulaciones` (`id`, `campus_id`, `titulacion_id`, `guid`, `plazas`, `url_calendario`, `url_horario`, `created_on`, `updated_on`, `is_deleted`) VALUES (3, 3, 1, NULL, 80, NULL, NULL, NULL, NULL, 0);
COMMIT;

